Country,Year,Happiness Rank,Happiness Score,Sum,Levels of GDP,Social Support,Life Expectancy,Freedom,Corruption,Generosity,Dystopia Residual,Region
Singapore,2016,22,6.739,6.739,1.646,0.868,0.947,0.488,0.47,0.327,1.994,Singapore
Afghanistan,2015,153,3.575,3.575,0.32,0.303,0.303,0.234,0.097,0.365,1.952,Asia/ Oceania
Albania,2015,95,4.959,4.959,0.879,0.804,0.813,0.357,0.064,0.143,1.899,Europe
Algeria,2015,68,5.605,5.605,0.939,1.078,0.618,0.286,0.174,0.078,2.432,Africa
Angola,2015,137,4.033,4.033,0.758,0.86,0.167,0.104,0.071,0.123,1.949,Africa
Argentina,2015,30,6.574,6.574,1.054,1.248,0.787,0.45,0.085,0.115,2.836,Amercia
Armenia,2015,127,4.35,4.35,0.768,0.777,0.73,0.198,0.039,0.079,1.759,Asia/ Oceania
Australia,2015,10,7.284,7.284,1.334,1.309,0.932,0.651,0.356,0.436,2.266,Asia/ Oceania
Austria,2015,13,7.2,7.2,1.337,1.297,0.89,0.624,0.187,0.331,2.533,Europe
Azerbaijan,2015,80,5.212,5.212,1.024,0.938,0.64,0.37,0.161,0.078,2.001,Asia/ Oceania
Bahrain,2015,49,5.96,5.96,1.324,1.216,0.747,0.455,0.306,0.174,1.738,Asia/ Oceania
Bangladesh,2015,109,4.694,4.694,0.398,0.431,0.602,0.408,0.126,0.212,2.518,Asia/ Oceania
Belarus,2015,59,5.813,5.813,1.032,1.233,0.736,0.379,0.191,0.11,2.131,Europe
Belgium,2015,19,6.937,6.937,1.308,1.286,0.897,0.585,0.225,0.223,2.415,Europe
Benin,2015,155,3.34,3.34,0.287,0.354,0.319,0.485,0.08,0.183,1.633,Africa
Bhutan,2015,79,5.253,5.253,0.77,1.104,0.574,0.532,0.154,0.48,1.638,Asia/ Oceania
Bolivia,2015,51,5.89,5.89,0.681,0.978,0.539,0.574,0.088,0.205,2.823,Amercia
Bosnia and Herzegovina,2015,96,4.949,4.949,0.832,0.919,0.791,0.092,0.002,0.248,2.064,Europe
Botswana,2015,128,4.332,4.332,0.994,1.105,0.048,0.495,0.125,0.105,1.462,Africa
Brazil,2015,16,6.983,6.983,0.981,1.233,0.697,0.49,0.175,0.146,3.26,Amercia
Bulgaria,2015,134,4.218,4.219,1.012,1.106,0.766,0.306,0.009,0.119,0.9,Europe
Burkina Faso,2015,152,3.587,3.587,0.258,0.852,0.271,0.395,0.128,0.217,1.465,Africa
Burundi,2015,157,2.905,2.905,0.015,0.416,0.224,0.119,0.101,0.197,1.833,Africa
Cambodia,2015,145,3.819,3.819,0.46,0.627,0.611,0.662,0.072,0.404,0.982,Asia/ Oceania
Cameroon,2015,133,4.252,4.252,0.423,0.888,0.234,0.493,0.058,0.206,1.951,Africa
Canada,2015,5,7.427,7.427,1.326,1.323,0.906,0.633,0.33,0.458,2.452,Amercia
Central African Republic,2015,148,3.678,3.678,0.079,0,0.067,0.489,0.083,0.238,2.722,Africa
Chad,2015,149,3.667,3.667,0.342,0.761,0.15,0.235,0.053,0.184,1.943,Africa
Chile,2015,27,6.67,6.67,1.107,1.124,0.859,0.441,0.129,0.334,2.676,Amercia
China,2015,84,5.14,5.14,0.89,0.947,0.817,0.517,0.028,0.082,1.86,Asia/ Oceania
Colombia,2015,33,6.477,6.477,0.919,1.24,0.691,0.535,0.051,0.184,2.857,Amercia
Comoros,2015,140,3.956,3.956,0.239,0.793,0.363,0.229,0.199,0.174,1.958,Africa
Republic of the Congo,2015,139,3.989,3.989,0.679,0.663,0.311,0.415,0.117,0.124,1.681,Africa
Costa Rica,2015,12,7.226,7.226,0.956,1.238,0.86,0.634,0.106,0.255,3.177,Amercia
Croatia,2015,62,5.759,5.759,1.083,0.796,0.788,0.259,0.024,0.054,2.754,Europe
Cyprus,2015,67,5.689,5.689,1.208,0.893,0.924,0.407,0.061,0.306,1.889,Asia/ Oceania
Czech Republic,2015,31,6.505,6.505,1.179,1.206,0.845,0.464,0.027,0.107,2.678,Europe
Democratic Republic of the Congo,2015,120,4.517,4.517,0,1.001,0.098,0.226,0.076,0.248,2.867,Africa
Denmark,2015,3,7.527,7.527,1.325,1.361,0.875,0.649,0.484,0.341,2.492,Europe
Djibouti,2015,126,4.369,4.369,0.44,0.592,0.363,0.461,0.281,0.181,2.051,Africa
Dominican Republic,2015,98,4.885,4.885,0.895,1.172,0.668,0.577,0.142,0.217,1.213,Amercia
Ecuador,2015,48,5.975,5.975,0.864,0.999,0.791,0.486,0.181,0.115,2.539,Amercia
Egypt,2015,135,4.194,4.194,0.882,0.747,0.617,0.173,0.063,0.113,1.599,Africa
El Salvador,2015,42,6.13,6.13,0.765,1.025,0.677,0.404,0.118,0.107,3.035,Amercia
Estonia,2015,73,5.429,5.429,1.152,1.228,0.774,0.449,0.152,0.087,1.588,Europe
Ethiopia,2015,122,4.512,4.512,0.191,0.604,0.441,0.435,0.15,0.243,2.449,Africa
Finland,2015,6,7.406,7.406,1.29,1.318,0.889,0.642,0.414,0.234,2.62,Europe
France,2015,29,6.575,6.575,1.278,1.26,0.946,0.55,0.206,0.123,2.211,Europe
Gabon,2015,143,3.896,3.896,1.06,0.905,0.434,0.319,0.111,0.068,0.999,Africa
Georgia,2015,130,4.297,4.297,0.742,0.386,0.729,0.406,0.383,0.055,1.595,Asia/ Oceania
Germany,2015,26,6.75,6.75,1.328,1.299,0.892,0.615,0.218,0.282,2.116,Europe
Ghana,2015,114,4.633,4.633,0.546,0.68,0.401,0.423,0.044,0.231,2.309,Africa
Greece,2015,102,4.857,4.857,1.154,0.929,0.882,0.077,0.014,0,1.801,Europe
Guatemala,2015,43,6.123,6.123,0.746,1.044,0.644,0.577,0.095,0.275,2.743,Amercia
Guinea,2015,150,3.656,3.656,0.174,0.465,0.24,0.377,0.121,0.287,1.992,Africa
Haiti,2015,119,4.518,4.518,0.267,0.743,0.388,0.244,0.172,0.462,2.242,Amercia
Honduras,2015,105,4.788,4.788,0.595,0.953,0.695,0.401,0.068,0.23,1.844,Amercia
Hong Kong,2015,72,5.474,5.474,1.386,1.058,1.013,0.596,0.371,0.395,0.654,Asia/ Oceania
Hungary,2015,104,4.8,4.8,1.121,1.202,0.759,0.321,0.028,0.128,1.241,Europe
Iceland,2015,2,7.561,7.561,1.302,1.402,0.948,0.629,0.141,0.436,2.702,Europe
India,2015,117,4.565,4.565,0.645,0.382,0.515,0.398,0.085,0.265,2.275,Asia/ Oceania
Indonesia,2015,74,5.399,5.399,0.828,1.087,0.638,0.466,0,0.515,1.864,Asia/ Oceania
Iran,2015,110,4.686,4.686,1.009,0.544,0.698,0.3,0.059,0.381,1.694,Asia/ Oceania
Iraq,2015,112,4.677,4.677,0.985,0.819,0.602,0,0.138,0.179,1.953,Asia/ Oceania
Ireland,2015,18,6.94,6.94,1.336,1.369,0.895,0.618,0.287,0.459,1.976,Europe
Israel,2015,11,7.278,7.278,1.229,1.224,0.914,0.413,0.078,0.332,3.089,Asia/ Oceania
Italy,2015,50,5.948,5.948,1.251,1.198,0.954,0.262,0.029,0.228,2.025,Europe
Ivory Coast,2015,151,3.655,3.655,0.465,0.771,0.152,0.469,0.179,0.202,1.417,Africa
Jamaica,2015,65,5.709,5.709,0.81,1.151,0.687,0.504,0.023,0.212,2.32,Amercia
Japan,2015,46,5.987,5.987,1.271,1.257,0.991,0.496,0.181,0.107,1.684,Asia/ Oceania
Jordan,2015,82,5.192,5.192,0.902,1.054,0.696,0.407,0.143,0.111,1.88,Asia/ Oceania
Kazakhstan,2015,54,5.855,5.855,1.123,1.122,0.644,0.516,0.085,0.118,2.247,Asia/ Oceania
Kenya,2015,125,4.419,4.419,0.365,0.999,0.414,0.422,0.058,0.375,1.786,Africa
Kosovo,2015,69,5.589,5.589,0.801,0.812,0.631,0.247,0.047,0.283,2.766,Europe
Kuwait,2015,39,6.295,6.295,1.554,1.166,0.725,0.555,0.256,0.162,1.876,Asia/ Oceania
Kyrgyzstan,2015,77,5.286,5.286,0.474,1.151,0.651,0.435,0.042,0.3,2.233,Asia/ Oceania
Laos,2015,99,4.876,4.876,0.591,0.738,0.549,0.596,0.242,0.422,1.738,Asia/ Oceania
Latvia,2015,89,5.098,5.098,1.113,1.096,0.724,0.297,0.063,0.182,1.622,Europe
Lebanon,2015,103,4.839,4.839,1.026,0.8,0.839,0.339,0.046,0.219,1.571,Asia/ Oceania
Lesotho,2015,97,4.898,4.898,0.375,1.041,0.076,0.318,0.125,0.164,2.798,Africa
Liberia,2015,116,4.571,4.571,0.071,0.79,0.342,0.285,0.062,0.244,2.777,Africa
Libya,2015,63,5.754,5.754,1.131,1.119,0.704,0.417,0.11,0.183,2.091,Africa
Lithuania,2015,56,5.833,5.833,1.147,1.257,0.731,0.213,0.01,0.026,2.446,Europe
Luxembourg,2015,17,6.946,6.946,1.564,1.22,0.919,0.616,0.378,0.28,1.97,Europe
Madagascar,2015,147,3.681,3.681,0.208,0.668,0.467,0.192,0.081,0.213,1.851,Africa
Malawi,2015,131,4.292,4.293,0.016,0.411,0.226,0.431,0.07,0.331,2.808,Africa
Malaysia,2015,61,5.77,5.77,1.125,1.07,0.724,0.53,0.105,0.331,1.885,Asia/ Oceania
Mali,2015,138,3.995,3.995,0.261,1.035,0.206,0.389,0.124,0.188,1.793,Africa
Malta,2015,37,6.302,6.302,1.207,1.302,0.887,0.604,0.136,0.518,1.649,Europe
Mauritania,2015,124,4.436,4.436,0.454,0.869,0.359,0.242,0.175,0.219,2.118,Africa
Mauritius,2015,71,5.477,5.477,1.008,0.985,0.71,0.561,0.075,0.377,1.761,Africa
Mexico,2015,14,7.187,7.187,1.021,0.915,0.814,0.482,0.213,0.141,3.602,Amercia
Moldova,2015,52,5.889,5.889,0.594,1.015,0.618,0.328,0.016,0.21,3.107,Europe
Mongolia,2015,100,4.874,4.874,0.828,1.301,0.603,0.436,0.027,0.332,1.348,Asia/ Oceania
Montenegro,2015,82,5.192,5.192,0.974,0.906,0.725,0.183,0.143,0.161,2.1,Europe
Morocco,2015,92,5.013,5.013,0.735,0.641,0.61,0.417,0.085,0.072,2.454,Africa
Mozambique,2015,94,4.971,4.971,0.083,1.026,0.091,0.34,0.156,0.223,3.051,Africa
Myanmar,2015,129,4.307,4.307,0.271,0.709,0.482,0.44,0.19,0.796,1.418,Asia/ Oceania
Nepal,2015,121,4.514,4.514,0.36,0.864,0.569,0.383,0.059,0.323,1.956,Asia/ Oceania
Netherlands,2015,7,7.378,7.378,1.329,1.28,0.893,0.616,0.318,0.476,2.466,Europe
New Zealand,2015,9,7.286,7.286,1.25,1.32,0.908,0.639,0.429,0.475,2.264,Asia/ Oceania
Nicaragua,2015,57,5.828,5.828,0.593,1.142,0.743,0.555,0.193,0.278,2.324,Amercia
Niger,2015,144,3.845,3.845,0.069,0.773,0.297,0.477,0.156,0.194,1.879,Africa
Nigeria,2015,78,5.268,5.268,0.654,0.904,0.16,0.343,0.04,0.272,2.893,Africa
Northern Cyprus,2015,66,5.695,5.695,1.208,1.07,0.924,0.49,0.143,0.262,1.599,Asia/ Oceania
Norway,2015,4,7.522,7.522,1.459,1.331,0.885,0.67,0.365,0.347,2.465,Europe
Oman,2015,22,6.853,6.853,1.36,1.082,0.763,0.633,0.325,0.215,2.475,Asia/ Oceania
Pakistan,2015,81,5.194,5.194,0.595,0.414,0.515,0.121,0.105,0.337,3.107,Asia/ Oceania
Palestinian National Authority,2015,108,4.715,4.715,0.599,0.926,0.66,0.245,0.129,0.113,2.044,Asia/ Oceania
Panama,2015,25,6.786,6.786,1.064,1.199,0.797,0.542,0.093,0.244,2.848,Amercia
Paraguay,2015,53,5.878,5.878,0.76,1.305,0.661,0.539,0.082,0.342,2.189,Amercia
Peru,2015,58,5.824,5.824,0.9,0.975,0.73,0.415,0.06,0.15,2.595,Amercia
Philippines,2015,90,5.073,5.073,0.705,1.035,0.581,0.625,0.123,0.25,1.754,Asia/ Oceania
Poland,2015,60,5.791,5.791,1.126,1.279,0.779,0.531,0.042,0.168,1.866,Europe
Portugal,2015,88,5.102,5.102,1.16,1.139,0.875,0.515,0.011,0.137,1.265,Europe
Qatar,2015,28,6.611,6.611,1.69,1.079,0.797,0.64,0.522,0.326,1.557,Asia/ Oceania
Republic of North Macedonia,2015,93,5.007,5.007,0.919,1.002,0.735,0.335,0.053,0.224,1.739,Europe
Romania,2015,86,5.124,5.124,1.043,0.886,0.769,0.351,0.006,0.137,1.931,Europe
Russia,2015,64,5.716,5.716,1.138,1.236,0.669,0.367,0.03,0.002,2.274,Europe
Rwanda,2015,154,3.465,3.465,0.222,0.774,0.429,0.592,0.552,0.226,0.67,Africa
Saudi Arabia,2015,35,6.411,6.411,1.395,1.084,0.72,0.31,0.325,0.137,2.439,Asia/ Oceania
Senegal,2015,142,3.904,3.904,0.365,0.976,0.435,0.368,0.107,0.208,1.444,Africa
Serbia,2015,87,5.123,5.123,0.921,1.01,0.748,0.201,0.026,0.192,2.025,Europe
Sierra Leone,2015,123,4.507,4.507,0.33,0.956,0,0.408,0.088,0.215,2.51,Africa
Singapore,2015,24,6.798,6.798,1.522,1.02,1.025,0.543,0.492,0.311,1.885,Singapore
Slovakia,2015,45,5.995,5.995,1.169,1.27,0.789,0.318,0.034,0.169,2.246,Europe
Slovenia,2015,55,5.848,5.848,1.185,1.274,0.873,0.609,0.038,0.253,1.616,Europe
Somaliland region,2015,91,5.057,5.057,0.188,0.952,0.439,0.466,0.399,0.503,2.11,Africa
South Africa,2015,113,4.642,4.642,0.92,1.185,0.277,0.332,0.089,0.12,1.72,Africa
South Korea,2015,47,5.984,5.984,1.245,0.958,0.965,0.332,0.079,0.186,2.22,Asia/ Oceania
Spain,2015,36,6.329,6.329,1.23,1.314,0.956,0.46,0.064,0.182,2.124,Europe
Sri Lanka,2015,132,4.271,4.271,0.835,1.019,0.708,0.537,0.092,0.408,0.671,Asia/ Oceania
Sudan,2015,118,4.55,4.55,0.521,1.014,0.369,0.101,0.147,0.191,2.209,Africa
Suriname,2015,40,6.269,6.269,0.995,0.972,0.608,0.597,0.136,0.17,2.791,Amercia
Swaziland,2015,101,4.867,4.867,0.712,1.073,0.076,0.307,0.031,0.183,2.487,Africa
Sweden,2015,8,7.364,7.364,1.332,1.289,0.911,0.66,0.438,0.363,2.371,Europe
Switzerland,2015,1,7.587,7.587,1.397,1.35,0.941,0.666,0.42,0.297,2.517,Europe
Syria,2015,156,3.006,3.006,0.663,0.475,0.722,0.157,0.189,0.472,0.329,Asia/ Oceania
Taiwan,2015,38,6.298,6.298,1.291,1.076,0.875,0.397,0.081,0.254,2.323,Asia/ Oceania
Tajikistan,2015,106,4.786,4.787,0.39,0.856,0.574,0.472,0.151,0.23,2.114,Asia/ Oceania
Tanzania,2015,146,3.781,3.781,0.285,1.003,0.382,0.329,0.057,0.344,1.381,Africa
Thailand,2015,34,6.455,6.455,0.967,1.265,0.739,0.557,0.032,0.576,2.319,Asia/ Oceania
Togo,2015,158,2.839,2.839,0.209,0.14,0.284,0.365,0.107,0.167,1.567,Africa
Trinidad and Tobago,2015,41,6.168,6.168,1.212,1.184,0.615,0.559,0.011,0.318,2.269,Amercia
Tunisia,2015,107,4.739,4.739,0.881,0.604,0.738,0.263,0.064,0.064,2.125,Africa
Turkey,2015,76,5.332,5.332,1.061,0.946,0.732,0.228,0.157,0.123,2.085,Asia/ Oceania
Turkmenistan,2015,70,5.548,5.548,0.958,1.227,0.539,0.476,0.308,0.17,1.87,Asia/ Oceania
Uganda,2015,141,3.931,3.931,0.211,1.133,0.339,0.457,0.073,0.291,1.428,Africa
Ukraine,2015,111,4.681,4.681,0.799,1.203,0.674,0.251,0.03,0.153,1.571,Europe
United Arab Emirates,2015,20,6.901,6.901,1.427,1.126,0.809,0.642,0.386,0.264,2.247,Asia/ Oceania
United Kingdom,2015,21,6.867,6.867,1.266,1.285,0.909,0.596,0.321,0.519,1.97,Europe
United States,2015,15,7.119,7.12,1.395,1.247,0.862,0.546,0.159,0.401,2.51,Amercia
Uruguay,2015,32,6.485,6.485,1.062,1.209,0.812,0.604,0.246,0.232,2.321,Amercia
Uzbekistan,2015,44,6.003,6.003,0.632,1.34,0.598,0.658,0.308,0.228,2.237,Asia/ Oceania
Venezuela,2015,23,6.81,6.81,1.044,1.256,0.721,0.429,0.111,0.058,3.191,Europe
Vietnam,2015,75,5.36,5.36,0.632,0.912,0.747,0.594,0.104,0.169,2.202,Asia/ Oceania
Yemen,2015,136,4.077,4.077,0.546,0.681,0.401,0.356,0.079,0.091,1.923,Asia/ Oceania
Zambia,2015,85,5.129,5.129,0.47,0.916,0.299,0.488,0.125,0.196,2.634,Africa
Zimbabwe,2015,115,4.61,4.61,0.271,1.033,0.335,0.259,0.081,0.19,2.442,Africa
Denmark,2016,1,7.526,7.526,1.442,1.164,0.795,0.579,0.445,0.362,2.739,Europe
Switzerland,2016,2,7.509,7.509,1.527,1.145,0.863,0.586,0.412,0.281,2.695,Europe
Iceland,2016,3,7.501,7.501,1.427,1.183,0.867,0.566,0.15,0.477,2.831,Europe
Norway,2016,4,7.498,7.498,1.577,1.127,0.796,0.596,0.358,0.379,2.665,Europe
Finland,2016,5,7.413,7.413,1.406,1.135,0.811,0.571,0.41,0.255,2.826,Europe
Canada,2016,6,7.404,7.404,1.44,1.096,0.828,0.574,0.313,0.448,2.705,Amercia
Netherlands,2016,7,7.339,7.339,1.465,1.029,0.812,0.552,0.299,0.474,2.707,Europe
New Zealand,2016,8,7.334,7.334,1.361,1.173,0.831,0.581,0.419,0.494,2.476,Asia/ Oceania
Australia,2016,9,7.313,7.313,1.444,1.105,0.851,0.568,0.323,0.474,2.547,Asia/ Oceania
Sweden,2016,10,7.291,7.291,1.452,1.088,0.831,0.582,0.409,0.383,2.547,Europe
Israel,2016,11,7.267,7.267,1.338,0.995,0.849,0.364,0.087,0.323,3.31,Asia/ Oceania
Austria,2016,12,7.119,7.119,1.45,1.084,0.806,0.544,0.213,0.329,2.693,Europe
United States,2016,13,7.104,7.104,1.508,1.048,0.779,0.482,0.149,0.411,2.728,Amercia
Costa Rica,2016,14,7.087,7.087,1.069,1.022,0.761,0.552,0.105,0.226,3.352,Amercia
Puerto Rico,2016,15,7.039,7.039,1.359,1.081,0.778,0.468,0.123,0.222,3.008,Amercia
Germany,2016,16,6.994,6.994,1.448,1.098,0.815,0.535,0.286,0.305,2.509,Europe
Brazil,2016,17,6.952,6.952,1.088,1.039,0.614,0.404,0.142,0.158,3.507,Amercia
Belgium,2016,18,6.929,6.929,1.425,1.052,0.82,0.514,0.262,0.242,2.614,Europe
Ireland,2016,19,6.907,6.907,1.483,1.162,0.815,0.54,0.298,0.45,2.16,Europe
Luxembourg,2016,20,6.871,6.871,1.698,1.04,0.845,0.549,0.353,0.276,2.111,Europe
Mexico,2016,21,6.778,6.778,1.115,0.715,0.711,0.377,0.184,0.117,3.559,Amercia
United Kingdom,2016,23,6.725,6.725,1.403,1.087,0.81,0.5,0.274,0.502,2.15,Europe
Chile,2016,24,6.705,6.705,1.217,0.906,0.819,0.378,0.115,0.316,2.955,Amercia
Panama,2016,25,6.701,6.701,1.183,0.989,0.708,0.489,0.084,0.242,3.006,Amercia
Argentina,2016,26,6.65,6.65,1.151,1.066,0.697,0.423,0.073,0.11,3.13,Amercia
Czech Republic,2016,27,6.596,6.596,1.309,1.008,0.764,0.414,0.04,0.099,2.962,Europe
United Arab Emirates,2016,28,6.573,6.573,1.574,0.871,0.73,0.562,0.356,0.266,2.215,Asia/ Oceania
Uruguay,2016,29,6.545,6.545,1.182,1.031,0.722,0.544,0.214,0.181,2.671,Amercia
Malta,2016,30,6.488,6.488,1.308,1.099,0.803,0.55,0.176,0.562,1.99,Europe
Colombia,2016,31,6.481,6.481,1.03,1.022,0.597,0.447,0.054,0.156,3.175,Amercia
France,2016,32,6.478,6.478,1.395,1.005,0.838,0.466,0.178,0.122,2.474,Europe
Thailand,2016,33,6.474,6.474,1.089,1.045,0.649,0.496,0.028,0.587,2.58,Asia/ Oceania
Saudi Arabia,2016,34,6.379,6.379,1.49,0.848,0.593,0.379,0.3,0.155,2.615,Asia/ Oceania
Taiwan,2016,34,6.379,6.379,1.397,0.926,0.796,0.324,0.066,0.255,2.615,Asia/ Oceania
Qatar,2016,36,6.375,6.375,1.824,0.88,0.717,0.567,0.48,0.324,1.582,Asia/ Oceania
Spain,2016,37,6.361,6.361,1.343,1.129,0.879,0.375,0.061,0.177,2.397,Europe
Algeria,2016,38,6.355,6.355,1.053,0.833,0.618,0.21,0.162,0.07,3.409,Africa
Guatemala,2016,39,6.324,6.324,0.835,0.871,0.54,0.504,0.087,0.288,3.199,Amercia
Suriname,2016,40,6.269,6.269,1.097,0.779,0.509,0.522,0.127,0.167,3.069,Amercia
Kuwait,2016,41,6.239,6.239,1.617,0.878,0.636,0.432,0.237,0.16,2.281,Asia/ Oceania
Bahrain,2016,42,6.218,6.218,1.44,0.944,0.657,0.474,0.258,0.171,2.274,Asia/ Oceania
Trinidad and Tobago,2016,43,6.168,6.168,1.326,0.986,0.526,0.485,0.012,0.319,2.514,Amercia
Venezuela,2016,44,6.084,6.084,1.134,1.033,0.619,0.198,0.083,0.043,2.975,Amercia
Slovakia,2016,45,6.078,6.078,1.28,1.083,0.704,0.234,0.029,0.138,2.611,Europe
El Salvador,2016,46,6.068,6.068,0.874,0.81,0.596,0.373,0.106,0.089,3.221,Amercia
Malaysia,2016,47,6.005,6.005,1.251,0.88,0.624,0.39,0.091,0.415,2.354,Asia/ Oceania
Nicaragua,2016,48,5.992,5.992,0.694,0.895,0.652,0.466,0.163,0.298,2.824,Amercia
Uzbekistan,2016,49,5.987,5.987,0.736,1.168,0.502,0.608,0.283,0.343,2.346,Asia/ Oceania
Italy,2016,50,5.977,5.977,1.355,1.042,0.851,0.188,0.026,0.167,2.349,Europe
Ecuador,2016,51,5.976,5.976,0.973,0.86,0.686,0.403,0.18,0.101,2.774,Amercia
Belize,2016,52,5.956,5.956,0.876,0.687,0.456,0.512,0.108,0.237,3.08,Amercia
Japan,2016,53,5.921,5.921,1.38,1.061,0.915,0.468,0.19,0.102,1.806,Asia/ Oceania
Kazakhstan,2016,54,5.919,5.919,1.229,0.955,0.574,0.405,0.111,0.15,2.493,Asia/ Oceania
Moldova,2016,55,5.897,5.897,0.692,0.831,0.523,0.252,0.019,0.2,3.38,Europe
Russia,2016,56,5.856,5.856,1.232,1.053,0.59,0.327,0.036,0.027,2.591,Europe
Poland,2016,57,5.835,5.835,1.246,1.047,0.691,0.452,0.055,0.144,2.2,Europe
South Korea,2016,57,5.835,5.835,1.359,0.722,0.886,0.252,0.077,0.188,2.35,Asia/ Oceania
Bolivia,2016,59,5.822,5.822,0.794,0.838,0.47,0.51,0.077,0.217,2.916,Amercia
Lithuania,2016,60,5.813,5.813,1.269,1.064,0.647,0.189,0.018,0.02,2.605,Europe
Belarus,2016,61,5.802,5.802,1.131,1.05,0.631,0.291,0.175,0.139,2.386,Europe
North Cyprus,2016,62,5.771,5.771,1.311,0.818,0.841,0.436,0.166,0.263,1.934,Asia/ Oceania
Slovenia,2016,63,5.768,5.768,1.299,1.056,0.792,0.532,0.036,0.257,1.795,Europe
Peru,2016,64,5.743,5.743,0.996,0.813,0.63,0.375,0.053,0.145,2.731,Amercia
Turkmenistan,2016,65,5.658,5.658,1.08,1.038,0.44,0.374,0.285,0.226,2.215,Asia/ Oceania
Mauritius,2016,66,5.648,5.648,1.144,0.757,0.662,0.461,0.052,0.37,2.202,Africa
Libya,2016,67,5.615,5.615,1.067,0.951,0.523,0.407,0.103,0.171,2.394,Africa
Latvia,2016,68,5.56,5.56,1.218,0.95,0.64,0.28,0.089,0.174,2.209,Europe
Cyprus,2016,69,5.546,5.546,1.319,0.707,0.849,0.295,0.052,0.279,2.045,Asia/ Oceania
Paraguay,2016,70,5.538,5.538,0.894,1.111,0.583,0.462,0.074,0.253,2.161,Amercia
Romania,2016,71,5.528,5.528,1.17,0.728,0.676,0.367,0.007,0.129,2.452,Europe
Estonia,2016,72,5.517,5.517,1.28,1.052,0.681,0.415,0.185,0.084,1.82,Europe
Jamaica,2016,73,5.51,5.51,0.893,0.964,0.595,0.436,0.043,0.222,2.357,Amercia
Croatia,2016,74,5.488,5.488,1.186,0.608,0.705,0.239,0.04,0.184,2.525,Europe
Hong Kong,2016,75,5.458,5.458,1.511,0.87,0.953,0.481,0.316,0.401,0.926,Asia/ Oceania
Somalia,2016,76,5.44,5.44,0,0.336,0.115,0.568,0.312,0.272,3.838,Africa
Kosovo,2016,77,5.401,5.401,0.901,0.661,0.54,0.144,0.065,0.28,2.81,Europe
Turkey,2016,78,5.389,5.389,1.165,0.877,0.647,0.239,0.123,0.047,2.291,Asia/ Oceania
Indonesia,2016,79,5.314,5.314,0.951,0.876,0.494,0.392,0.003,0.565,2.032,Asia/ Oceania
Jordan,2016,80,5.303,5.303,0.997,0.862,0.607,0.36,0.133,0.143,2.201,Asia/ Oceania
Azerbaijan,2016,81,5.291,5.292,1.124,0.76,0.545,0.353,0.179,0.056,2.274,Asia/ Oceania
Philippines,2016,82,5.279,5.279,0.812,0.879,0.47,0.549,0.118,0.217,2.235,Asia/ Oceania
China,2016,83,5.245,5.245,1.028,0.794,0.736,0.44,0.027,0.05,2.171,Asia/ Oceania
Bhutan,2016,84,5.196,5.196,0.853,0.908,0.498,0.461,0.162,0.485,1.829,Asia/ Oceania
Kyrgyzstan,2016,85,5.185,5.185,0.56,0.954,0.554,0.402,0.048,0.384,2.281,Asia/ Oceania
Serbia,2016,86,5.177,5.177,1.034,0.813,0.646,0.157,0.043,0.207,2.275,Europe
Bosnia and Herzegovina,2016,87,5.163,5.163,0.934,0.644,0.708,0.095,0,0.299,2.484,Europe
Montenegro,2016,88,5.161,5.161,1.078,0.742,0.635,0.151,0.127,0.172,2.255,Europe
Dominican Republic,2016,89,5.155,5.155,1.028,0.995,0.577,0.523,0.124,0.213,1.696,Amercia
Morocco,2016,90,5.151,5.151,0.841,0.386,0.595,0.256,0.084,0.041,2.949,Africa
Hungary,2016,91,5.145,5.145,1.241,0.932,0.676,0.198,0.045,0.099,1.955,Europe
Pakistan,2016,92,5.132,5.132,0.688,0.261,0.403,0.146,0.139,0.312,3.183,Asia/ Oceania
Lebanon,2016,93,5.129,5.129,1.123,0.642,0.762,0.262,0.031,0.237,2.073,Asia/ Oceania
Portugal,2016,94,5.123,5.123,1.276,0.944,0.794,0.447,0.015,0.117,1.53,Europe
Republic of North Macedonia,2016,95,5.121,5.121,1.019,0.782,0.647,0.277,0.07,0.235,2.089,Europe
Vietnam,2016,96,5.061,5.061,0.74,0.791,0.662,0.56,0.116,0.251,1.942,Asia/ Oceania
Somaliland Region,2016,97,5.057,5.057,0.256,0.759,0.331,0.391,0.368,0.515,2.438,Africa
Tunisia,2016,98,5.045,5.045,0.977,0.432,0.596,0.236,0.082,0.039,2.684,Africa
Greece,2016,99,5.033,5.033,1.249,0.755,0.8,0.058,0.041,0,2.129,Europe
Tajikistan,2016,100,4.996,4.996,0.488,0.756,0.531,0.434,0.135,0.26,2.391,Asia/ Oceania
Mongolia,2016,101,4.907,4.907,0.989,1.09,0.555,0.36,0.033,0.345,1.536,Asia/ Oceania
Laos,2016,102,4.876,4.876,0.68,0.55,0.383,0.522,0.224,0.431,2.086,Asia/ Oceania
Nigeria,2016,103,4.875,4.875,0.752,0.645,0.051,0.279,0.031,0.232,2.886,Africa
Honduras,2016,104,4.871,4.871,0.694,0.756,0.584,0.268,0.069,0.204,2.296,Amercia
Iran,2016,105,4.813,4.813,1.118,0.389,0.642,0.225,0.056,0.385,1.998,Asia/ Oceania
Zambia,2016,106,4.795,4.795,0.612,0.638,0.236,0.427,0.115,0.179,2.59,Africa
Nepal,2016,107,4.793,4.793,0.446,0.697,0.501,0.37,0.07,0.382,2.327,Asia/ Oceania
Palestinian National Authority,2016,108,4.754,4.754,0.67,0.716,0.568,0.177,0.106,0.112,2.404,Asia/ Oceania
Albania,2016,109,4.655,4.655,0.955,0.502,0.73,0.319,0.053,0.168,1.928,Europe
Bangladesh,2016,110,4.643,4.643,0.542,0.247,0.53,0.398,0.126,0.191,2.609,Asia/ Oceania
Sierra Leone,2016,111,4.635,4.635,0.365,0.628,0,0.307,0.082,0.239,3.014,Africa
Iraq,2016,112,4.575,4.575,1.075,0.592,0.511,0.249,0.136,0.196,1.817,Asia/ Oceania
Namibia,2016,113,4.574,4.574,0.933,0.704,0.347,0.486,0.104,0.078,1.922,Africa
Cameroon,2016,114,4.513,4.513,0.525,0.625,0.127,0.427,0.061,0.227,2.52,Africa
Ethiopia,2016,115,4.508,4.508,0.293,0.379,0.346,0.367,0.172,0.295,2.656,Africa
South Africa,2016,116,4.459,4.459,1.024,0.961,0.186,0.425,0.084,0.137,1.642,Africa
Sri Lanka,2016,117,4.415,4.415,0.973,0.848,0.62,0.508,0.08,0.47,0.917,Asia/ Oceania
India,2016,118,4.404,4.404,0.74,0.292,0.451,0.403,0.087,0.25,2.18,Asia/ Oceania
Myanmar,2016,119,4.395,4.395,0.341,0.7,0.399,0.427,0.202,0.82,1.507,Asia/ Oceania
Egypt,2016,120,4.362,4.362,0.954,0.498,0.521,0.188,0.104,0.127,1.969,Africa
Armenia,2016,121,4.36,4.36,0.861,0.625,0.641,0.14,0.036,0.078,1.979,Asia/ Oceania
Kenya,2016,122,4.356,4.356,0.523,0.762,0.301,0.406,0.067,0.413,1.883,Africa
Ukraine,2016,123,4.324,4.324,0.873,1.014,0.586,0.129,0.018,0.204,1.501,Europe
Ghana,2016,124,4.276,4.276,0.631,0.494,0.297,0.41,0.033,0.212,2.2,Africa
Democratic Republic of the Congo,2016,125,4.272,4.272,0.057,0.807,0.188,0.156,0.061,0.255,2.749,Africa
Georgia,2016,126,4.252,4.252,0.838,0.192,0.64,0.325,0.319,0.068,1.87,Asia/ Oceania
Republic of the Congo,2016,127,4.236,4.236,0.771,0.478,0.282,0.379,0.098,0.121,2.107,Africa
Senegal,2016,128,4.219,4.219,0.443,0.774,0.405,0.311,0.117,0.191,1.979,Africa
Bulgaria,2016,129,4.217,4.217,1.113,0.925,0.678,0.212,0.006,0.128,1.154,Europe
Mauritania,2016,130,4.201,4.201,0.614,0.841,0.286,0.127,0.18,0.227,1.926,Africa
Zimbabwe,2016,131,4.193,4.193,0.35,0.715,0.16,0.254,0.086,0.185,2.443,Africa
Malawi,2016,132,4.156,4.156,0.087,0.147,0.294,0.414,0.076,0.31,2.829,Africa
Sudan,2016,133,4.139,4.139,0.631,0.819,0.298,0,0.1,0.181,2.11,Africa
Gabon,2016,134,4.121,4.121,1.159,0.724,0.349,0.281,0.093,0.062,1.453,Africa
Mali,2016,135,4.073,4.073,0.313,0.863,0.163,0.275,0.136,0.211,2.111,Africa
Haiti,2016,136,4.028,4.028,0.341,0.296,0.275,0.121,0.145,0.48,2.371,Amercia
Botswana,2016,137,3.974,3.974,1.094,0.892,0.348,0.441,0.108,0.124,0.967,Africa
Comoros,2016,138,3.956,3.956,0.275,0.603,0.3,0.154,0.184,0.183,2.256,Africa
Ivory Coast,2016,139,3.916,3.916,0.555,0.576,0.045,0.407,0.155,0.203,1.975,Africa
Cambodia,2016,140,3.907,3.907,0.556,0.538,0.425,0.589,0.081,0.403,1.316,Asia/ Oceania
Angola,2016,141,3.866,3.866,0.847,0.664,0.05,0.006,0.084,0.121,2.095,Africa
Niger,2016,142,3.856,3.856,0.133,0.605,0.262,0.38,0.172,0.21,2.095,Africa
South Sudan,2016,143,3.832,3.832,0.394,0.185,0.158,0.197,0.13,0.259,2.509,Africa
Chad,2016,144,3.763,3.763,0.422,0.632,0.038,0.128,0.05,0.187,2.306,Africa
Burkina Faso,2016,145,3.739,3.739,0.32,0.631,0.213,0.334,0.125,0.244,1.873,Africa
Uganda,2016,145,3.739,3.739,0.347,0.91,0.196,0.437,0.064,0.271,1.514,Africa
Yemen,2016,147,3.724,3.724,0.579,0.475,0.31,0.229,0.059,0.098,1.973,Asia/ Oceania
Madagascar,2016,148,3.695,3.695,0.28,0.461,0.371,0.137,0.075,0.22,2.151,Africa
Tanzania,2016,149,3.666,3.666,0.472,0.776,0.357,0.318,0.051,0.315,1.378,Africa
Liberia,2016,150,3.622,3.622,0.107,0.504,0.232,0.257,0.049,0.241,2.233,Africa
Guinea,2016,151,3.607,3.607,0.224,0.311,0.188,0.31,0.119,0.299,2.156,Africa
Rwanda,2016,152,3.515,3.515,0.328,0.616,0.319,0.543,0.505,0.236,0.968,Africa
Benin,2016,153,3.484,3.484,0.395,0.104,0.21,0.397,0.067,0.202,2.108,Africa
Afghanistan,2016,154,3.36,3.36,0.382,0.11,0.173,0.164,0.071,0.313,2.146,Asia/ Oceania
Togo,2016,155,3.303,3.303,0.281,0,0.248,0.347,0.116,0.175,2.135,Africa
Syria,2016,156,3.069,3.069,0.747,0.149,0.63,0.069,0.172,0.484,0.818,Asia/ Oceania
Burundi,2016,157,2.905,2.905,0.068,0.234,0.157,0.043,0.094,0.203,2.104,Africa
Norway,2017,1,7.537,7.537,1.616,1.534,0.797,0.635,0.316,0.362,2.277,Europe
Denmark,2017,2,7.522,7.522,1.482,1.551,0.793,0.626,0.401,0.355,2.314,Europe
Iceland,2017,3,7.504,7.504,1.481,1.611,0.834,0.627,0.154,0.476,2.323,Europe
Switzerland,2017,4,7.494,7.494,1.565,1.517,0.858,0.62,0.367,0.291,2.277,Europe
Finland,2017,5,7.469,7.469,1.444,1.54,0.809,0.618,0.383,0.245,2.43,Europe
Netherlands,2017,6,7.377,7.377,1.504,1.429,0.811,0.585,0.283,0.47,2.295,Europe
Canada,2017,7,7.316,7.316,1.479,1.481,0.835,0.611,0.287,0.436,2.187,Amercia
New Zealand,2017,8,7.314,7.314,1.406,1.548,0.817,0.614,0.383,0.5,2.046,Asia/ Oceania
Sweden,2017,9,7.284,7.284,1.494,1.478,0.831,0.613,0.384,0.385,2.098,Europe
Australia,2017,10,7.284,7.284,1.484,1.51,0.844,0.602,0.301,0.478,2.065,Asia/ Oceania
Israel,2017,11,7.213,7.213,1.375,1.376,0.838,0.406,0.085,0.33,2.802,Asia/ Oceania
Costa Rica,2017,12,7.079,7.079,1.11,1.416,0.76,0.58,0.1,0.215,2.899,Amercia
Austria,2017,13,7.006,7.006,1.487,1.46,0.815,0.568,0.221,0.316,2.139,Europe
United States,2017,14,6.993,6.993,1.546,1.42,0.774,0.506,0.136,0.393,2.218,Amercia
Ireland,2017,15,6.977,6.977,1.536,1.558,0.81,0.573,0.298,0.428,1.774,Europe
Germany,2017,16,6.951,6.951,1.488,1.473,0.799,0.563,0.277,0.336,2.016,Europe
Belgium,2017,17,6.891,6.891,1.464,1.462,0.818,0.54,0.251,0.232,2.124,Europe
Luxembourg,2017,18,6.863,6.863,1.742,1.458,0.845,0.597,0.319,0.283,1.62,Europe
United Kingdom,2017,19,6.714,6.714,1.442,1.496,0.805,0.508,0.265,0.493,1.704,Europe
Chile,2017,20,6.652,6.652,1.253,1.284,0.819,0.377,0.082,0.327,2.51,Amercia
United Arab Emirates,2017,21,6.648,6.648,1.626,1.266,0.727,0.608,0.324,0.361,1.735,Asia/ Oceania
Brazil,2017,22,6.635,6.635,1.107,1.431,0.617,0.437,0.111,0.162,2.769,Amercia
Czech Republic,2017,23,6.609,6.609,1.353,1.434,0.754,0.491,0.037,0.088,2.452,Europe
Argentina,2017,24,6.599,6.599,1.185,1.44,0.695,0.495,0.06,0.109,2.614,Amercia
Mexico,2017,25,6.578,6.578,1.153,1.211,0.71,0.413,0.133,0.121,2.837,Amercia
Singapore,2017,26,6.572,6.572,1.692,1.354,0.949,0.55,0.464,0.346,1.216,Singapore
Malta,2017,27,6.527,6.527,1.343,1.488,0.822,0.589,0.153,0.575,1.557,Europe
Uruguay,2017,28,6.454,6.454,1.218,1.412,0.719,0.579,0.178,0.175,2.172,Amercia
Guatemala,2017,29,6.454,6.454,0.872,1.256,0.54,0.531,0.077,0.283,2.894,Amercia
Panama,2017,30,6.452,6.452,1.234,1.373,0.706,0.55,0.071,0.211,2.307,Amercia
France,2017,31,6.442,6.442,1.431,1.388,0.844,0.47,0.173,0.13,2.006,Europe
Thailand,2017,32,6.424,6.424,1.128,1.426,0.647,0.58,0.032,0.572,2.04,Asia/ Oceania
Taiwan,2017,33,6.422,6.422,1.434,1.385,0.794,0.361,0.064,0.258,2.127,Asia/ Oceania
Spain,2017,34,6.403,6.403,1.384,1.532,0.889,0.409,0.071,0.19,1.928,Europe
Qatar,2017,35,6.375,6.375,1.871,1.274,0.71,0.604,0.439,0.33,1.145,Asia/ Oceania
Colombia,2017,36,6.357,6.357,1.071,1.402,0.595,0.477,0.047,0.149,2.616,Amercia
Saudi Arabia,2017,37,6.344,6.344,1.531,1.287,0.59,0.45,0.273,0.148,2.065,Asia/ Oceania
Trinidad and Tobago,2017,38,6.168,6.168,1.361,1.38,0.52,0.519,0.009,0.325,2.053,Amercia
Kuwait,2017,39,6.105,6.105,1.633,1.26,0.632,0.496,0.215,0.228,1.64,Asia/ Oceania
Slovakia,2017,40,6.098,6.098,1.325,1.505,0.713,0.296,0.024,0.137,2.098,Europe
Bahrain,2017,41,6.087,6.087,1.488,1.323,0.653,0.537,0.257,0.173,1.656,Asia/ Oceania
Malaysia,2017,42,6.084,6.084,1.291,1.285,0.619,0.402,0.066,0.417,2.004,Asia/ Oceania
Nicaragua,2017,43,6.071,6.071,0.737,1.287,0.653,0.448,0.131,0.302,2.514,Amercia
Ecuador,2017,44,6.008,6.008,1.001,1.286,0.686,0.455,0.14,0.15,2.29,Amercia
El Salvador,2017,45,6.003,6.003,0.91,1.182,0.596,0.432,0.09,0.078,2.715,Amercia
Poland,2017,46,5.973,5.973,1.292,1.446,0.699,0.52,0.059,0.158,1.798,Europe
Uzbekistan,2017,47,5.971,5.971,0.786,1.549,0.498,0.658,0.247,0.416,1.817,Asia/ Oceania
Italy,2017,48,5.964,5.964,1.395,1.445,0.853,0.256,0.028,0.173,1.813,Europe
Russia,2017,49,5.963,5.963,1.282,1.469,0.547,0.374,0.033,0.052,2.206,Europe
Belize,2017,50,5.956,5.956,0.908,1.081,0.45,0.548,0.097,0.24,2.632,Amercia
Japan,2017,51,5.92,5.92,1.417,1.436,0.913,0.506,0.164,0.121,1.363,Asia/ Oceania
Lithuania,2017,52,5.902,5.902,1.315,1.474,0.629,0.234,0.012,0.01,2.228,Europe
Algeria,2017,53,5.872,5.872,1.092,1.146,0.618,0.233,0.146,0.069,2.568,Africa
Latvia,2017,54,5.85,5.85,1.261,1.405,0.639,0.326,0.074,0.153,1.994,Europe
South Korea,2017,55,5.838,5.838,1.402,1.128,0.9,0.258,0.063,0.207,1.88,Asia/ Oceania
Moldova,2017,56,5.838,5.838,0.729,1.252,0.589,0.241,0.01,0.209,2.808,Europe
Romania,2017,57,5.825,5.825,1.218,1.15,0.685,0.457,0.004,0.134,2.177,Europe
Bolivia,2017,58,5.823,5.823,0.834,1.228,0.474,0.559,0.06,0.226,2.443,Amercia
Turkmenistan,2017,59,5.822,5.822,1.131,1.493,0.438,0.418,0.259,0.25,1.833,Asia/ Oceania
Kazakhstan,2017,60,5.819,5.819,1.285,1.384,0.606,0.437,0.119,0.202,1.785,Asia/ Oceania
North Cyprus,2017,61,5.81,5.81,1.347,1.186,0.835,0.471,0.155,0.267,1.549,Asia/ Oceania
Slovenia,2017,62,5.758,5.758,1.341,1.453,0.791,0.573,0.045,0.243,1.313,Europe
Peru,2017,63,5.715,5.715,1.035,1.219,0.63,0.45,0.047,0.127,2.207,Amercia
Mauritius,2017,64,5.629,5.629,1.189,1.21,0.638,0.491,0.042,0.361,1.698,Africa
Cyprus,2017,65,5.621,5.621,1.356,1.131,0.845,0.355,0.041,0.271,1.621,Asia/ Oceania
Estonia,2017,66,5.611,5.611,1.321,1.477,0.695,0.479,0.183,0.099,1.358,Europe
Belarus,2017,67,5.569,5.569,1.157,1.445,0.638,0.295,0.156,0.155,1.723,Europe
Libya,2017,68,5.525,5.525,1.102,1.358,0.52,0.466,0.093,0.152,1.835,Africa
Turkey,2017,69,5.5,5.5,1.198,1.338,0.638,0.301,0.1,0.047,1.879,Asia/ Oceania
Paraguay,2017,70,5.493,5.493,0.933,1.507,0.579,0.474,0.091,0.224,1.685,Amercia
Hong Kong,2017,71,5.472,5.472,1.552,1.263,0.943,0.491,0.294,0.374,0.555,Asia/ Oceania
Philippines,2017,72,5.43,5.43,0.858,1.254,0.468,0.585,0.099,0.194,1.973,Asia/ Oceania
Serbia,2017,73,5.395,5.395,1.069,1.258,0.651,0.209,0.041,0.22,1.947,Europe
Jordan,2017,74,5.336,5.336,0.991,1.239,0.605,0.418,0.12,0.172,1.791,Asia/ Oceania
Hungary,2017,75,5.324,5.324,1.286,1.343,0.688,0.176,0.037,0.078,1.716,Europe
Jamaica,2017,76,5.311,5.311,0.926,1.368,0.641,0.474,0.055,0.234,1.612,Amercia
Croatia,2017,77,5.293,5.293,1.223,0.968,0.701,0.256,0.043,0.248,1.854,Europe
Kosovo,2017,78,5.279,5.279,0.951,1.138,0.541,0.26,0.057,0.32,2.011,Europe
China,2017,79,5.273,5.273,1.081,1.161,0.741,0.473,0.023,0.029,1.765,Asia/ Oceania
Pakistan,2017,80,5.269,5.269,0.727,0.673,0.402,0.235,0.124,0.315,2.792,Asia/ Oceania
Indonesia,2017,81,5.262,5.262,0.996,1.274,0.492,0.443,0.015,0.612,1.429,Asia/ Oceania
Venezuela,2017,82,5.25,5.25,1.128,1.431,0.617,0.154,0.064,0.065,1.789,Amercia
Montenegro,2017,83,5.237,5.237,1.121,1.238,0.667,0.195,0.088,0.198,1.729,Europe
Morocco,2017,84,5.235,5.235,0.878,0.775,0.598,0.408,0.088,0.032,2.456,Africa
Azerbaijan,2017,85,5.234,5.234,1.154,1.152,0.541,0.398,0.181,0.045,1.762,Asia/ Oceania
Dominican Republic,2017,86,5.23,5.23,1.079,1.402,0.575,0.553,0.114,0.187,1.319,Amercia
Greece,2017,87,5.227,5.227,1.289,1.239,0.81,0.096,0.043,0,1.749,Europe
Lebanon,2017,88,5.225,5.225,1.075,1.13,0.735,0.289,0.038,0.264,1.695,Asia/ Oceania
Portugal,2017,89,5.195,5.195,1.315,1.367,0.796,0.498,0.016,0.095,1.108,Europe
Bosnia and Herzegovina,2017,90,5.182,5.182,0.982,1.069,0.705,0.204,0,0.329,1.892,Europe
Honduras,2017,91,5.181,5.181,0.731,1.144,0.583,0.348,0.073,0.236,2.066,Amercia
Republic of North Macedonia,2017,92,5.175,5.175,1.065,1.208,0.645,0.326,0.06,0.254,1.617,Europe
Somalia,2017,93,5.151,5.151,0.023,0.721,0.114,0.602,0.282,0.292,3.117,Africa
Vietnam,2017,94,5.074,5.074,0.789,1.277,0.652,0.571,0.088,0.235,1.462,Asia/ Oceania
Nigeria,2017,95,5.074,5.074,0.784,1.216,0.057,0.395,0.026,0.231,2.365,Africa
Tajikistan,2017,96,5.041,5.041,0.525,1.271,0.529,0.472,0.146,0.249,1.849,Asia/ Oceania
Bhutan,2017,97,5.011,5.011,0.885,1.34,0.496,0.502,0.173,0.474,1.14,Asia/ Oceania
Kyrgyzstan,2017,98,5.004,5.004,0.596,1.394,0.553,0.455,0.039,0.429,1.537,Asia/ Oceania
Nepal,2017,99,4.962,4.962,0.48,1.179,0.504,0.44,0.073,0.394,1.891,Asia/ Oceania
Mongolia,2017,100,4.955,4.955,1.027,1.493,0.558,0.394,0.033,0.338,1.111,Asia/ Oceania
South Africa,2017,101,4.829,4.829,1.055,1.385,0.187,0.479,0.073,0.139,1.511,Africa
Tunisia,2017,102,4.805,4.805,1.007,0.868,0.613,0.29,0.087,0.05,1.89,Africa
Palestinian National Authority,2017,103,4.775,4.775,0.716,1.156,0.566,0.255,0.089,0.114,1.879,Asia/ Oceania
Egypt,2017,104,4.735,4.735,0.99,0.997,0.52,0.282,0.114,0.129,1.702,Africa
Bulgaria,2017,105,4.714,4.714,1.161,1.434,0.708,0.289,0.011,0.113,0.996,Europe
Sierra Leone,2017,106,4.709,4.709,0.368,0.984,0.006,0.319,0.071,0.293,2.668,Africa
Cameroon,2017,107,4.695,4.695,0.564,0.946,0.133,0.43,0.051,0.236,2.334,Africa
Iran,2017,108,4.692,4.692,1.157,0.712,0.639,0.249,0.049,0.387,1.499,Asia/ Oceania
Albania,2017,109,4.644,4.644,0.996,0.804,0.731,0.381,0.04,0.201,1.49,Europe
Bangladesh,2017,110,4.608,4.608,0.587,0.735,0.533,0.478,0.124,0.172,1.979,Asia/ Oceania
Namibia,2017,111,4.574,4.574,0.964,1.098,0.339,0.52,0.093,0.077,1.482,Africa
Kenya,2017,112,4.553,4.553,0.56,1.068,0.31,0.453,0.065,0.445,1.652,Africa
Mozambique,2017,113,4.55,4.55,0.234,0.871,0.107,0.481,0.179,0.322,2.356,Africa
Myanmar,2017,114,4.545,4.545,0.367,1.123,0.398,0.514,0.189,0.838,1.115,Asia/ Oceania
Senegal,2017,115,4.535,4.535,0.479,1.18,0.409,0.378,0.115,0.183,1.79,Africa
Zambia,2017,116,4.514,4.514,0.636,1.003,0.258,0.462,0.078,0.25,1.827,Africa
Iraq,2017,117,4.497,4.497,1.103,0.979,0.501,0.289,0.107,0.2,1.319,Asia/ Oceania
Gabon,2017,118,4.465,4.465,1.198,1.156,0.357,0.312,0.076,0.044,1.323,Africa
Ethiopia,2017,119,4.46,4.46,0.339,0.865,0.353,0.409,0.165,0.313,2.016,Africa
Sri Lanka,2017,120,4.44,4.44,1.01,1.26,0.625,0.561,0.074,0.491,0.419,Asia/ Oceania
Armenia,2017,121,4.376,4.376,0.901,1.007,0.638,0.198,0.027,0.083,1.521,Asia/ Oceania
India,2017,122,4.315,4.315,0.792,0.754,0.455,0.47,0.092,0.232,1.519,Asia/ Oceania
Mauritania,2017,123,4.292,4.292,0.648,1.272,0.285,0.096,0.137,0.202,1.652,Africa
Republic of the Congo,2017,124,4.291,4.291,0.809,0.832,0.29,0.435,0.08,0.121,1.724,Africa
Georgia,2017,125,4.286,4.286,0.951,0.571,0.65,0.309,0.252,0.054,1.5,Asia/ Oceania
Democratic Republic of the Congo,2017,126,4.28,4.28,0.092,1.229,0.191,0.236,0.06,0.246,2.225,Africa
Mali,2017,127,4.19,4.19,0.476,1.281,0.169,0.307,0.105,0.183,1.668,Africa
Ivory Coast,2017,128,4.18,4.18,0.603,0.905,0.049,0.448,0.13,0.201,1.845,Africa
Cambodia,2017,129,4.168,4.168,0.602,1.006,0.43,0.633,0.068,0.386,1.043,Asia/ Oceania
Sudan,2017,130,4.139,4.139,0.66,1.214,0.291,0.015,0.09,0.182,1.687,Africa
Ghana,2017,131,4.12,4.12,0.667,0.874,0.296,0.423,0.025,0.257,1.578,Africa
Ukraine,2017,132,4.096,4.096,0.895,1.395,0.576,0.123,0.023,0.27,0.814,Europe
Uganda,2017,133,4.081,4.081,0.381,1.13,0.218,0.443,0.057,0.326,1.526,Africa
Burkina Faso,2017,134,4.032,4.032,0.35,1.043,0.216,0.324,0.12,0.251,1.727,Africa
Niger,2017,135,4.028,4.028,0.162,0.993,0.269,0.364,0.139,0.229,1.874,Africa
Malawi,2017,136,3.97,3.97,0.233,0.513,0.315,0.467,0.073,0.287,2.082,Africa
Chad,2017,137,3.936,3.936,0.438,0.954,0.041,0.162,0.054,0.216,2.071,Africa
Zimbabwe,2017,138,3.875,3.875,0.376,1.083,0.197,0.336,0.095,0.189,1.598,Africa
Lesotho,2017,139,3.808,3.808,0.521,1.19,0,0.391,0.119,0.157,1.43,Africa
Angola,2017,140,3.795,3.795,0.858,1.104,0.05,0,0.07,0.098,1.614,Africa
Afghanistan,2017,141,3.794,3.794,0.401,0.582,0.181,0.106,0.061,0.312,2.151,Asia/ Oceania
Botswana,2017,142,3.766,3.766,1.122,1.222,0.342,0.505,0.099,0.099,0.378,Africa
Benin,2017,143,3.657,3.657,0.431,0.435,0.21,0.426,0.061,0.208,1.886,Africa
Madagascar,2017,144,3.644,3.644,0.306,0.913,0.375,0.189,0.067,0.209,1.585,Africa
Haiti,2017,145,3.603,3.603,0.369,0.64,0.277,0.03,0.1,0.489,1.697,Amercia
Yemen,2017,146,3.593,3.593,0.592,0.935,0.31,0.249,0.057,0.104,1.346,Asia/ Oceania
South Sudan,2017,147,3.591,3.591,0.397,0.601,0.163,0.147,0.117,0.286,1.88,Africa
Liberia,2017,148,3.533,3.533,0.119,0.872,0.23,0.333,0.039,0.267,1.673,Africa
Guinea,2017,149,3.507,3.507,0.245,0.791,0.194,0.349,0.111,0.265,1.552,Africa
Togo,2017,150,3.495,3.495,0.305,0.432,0.247,0.38,0.096,0.197,1.837,Africa
Rwanda,2017,151,3.471,3.471,0.369,0.946,0.326,0.582,0.455,0.253,0.54,Africa
Syria,2017,152,3.462,3.462,0.777,0.396,0.501,0.082,0.151,0.494,1.062,Asia/ Oceania
Tanzania,2017,153,3.349,3.349,0.511,1.042,0.365,0.39,0.066,0.354,0.621,Africa
Burundi,2017,154,2.905,2.905,0.092,0.63,0.152,0.06,0.084,0.204,1.683,Africa
Central African Republic,2017,155,2.693,2.693,0,0,0.019,0.271,0.057,0.281,2.066,Africa
Finland,2018,1,7.632,7.642,1.305,1.592,0.874,0.681,0.393,0.202,2.595,Europe
Norway,2018,2,7.594,7.594,1.456,1.582,0.861,0.686,0.34,0.286,2.383,Europe
Denmark,2018,3,7.555,7.554,1.351,1.59,0.868,0.683,0.408,0.284,2.37,Europe
Iceland,2018,4,7.495,7.495,1.343,1.644,0.914,0.677,0.138,0.353,2.426,Europe
Switzerland,2018,5,7.487,7.489,1.42,1.549,0.927,0.66,0.357,0.256,2.32,Europe
Netherlands,2018,6,7.441,7.441,1.361,1.488,0.878,0.638,0.295,0.333,2.448,Europe
Canada,2018,7,7.328,7.329,1.33,1.532,0.896,0.653,0.291,0.321,2.306,Amercia
New Zealand,2018,8,7.324,7.324,1.268,1.601,0.876,0.669,0.389,0.365,2.156,Asia/ Oceania
Sweden,2018,9,7.314,7.313,1.355,1.501,0.913,0.659,0.383,0.285,2.217,Europe
Australia,2018,10,7.272,7.272,1.34,1.573,0.91,0.647,0.302,0.361,2.139,Asia/ Oceania
United Kingdom,2018,11,7.19,7.19,1.244,1.433,0.888,0.464,0.082,0.262,2.817,Europe
Austria,2018,12,7.139,7.138,1.341,1.504,0.891,0.617,0.224,0.242,2.319,Europe
Costa Rica,2018,13,7.072,7.073,1.01,1.459,0.817,0.632,0.101,0.143,2.911,Amercia
Ireland,2018,14,6.977,6.978,1.448,1.583,0.876,0.614,0.306,0.307,1.844,Europe
Germany,2018,15,6.965,6.965,1.34,1.474,0.861,0.586,0.28,0.273,2.151,Europe
Belgium,2018,16,6.927,6.927,1.324,1.483,0.894,0.583,0.24,0.188,2.215,Europe
Luxembourg,2018,17,6.91,6.91,1.576,1.52,0.896,0.632,0.321,0.196,1.769,Europe
United States,2018,18,6.886,6.886,1.398,1.471,0.819,0.547,0.133,0.291,2.227,Amercia
Israel,2018,19,6.814,6.814,1.301,1.559,0.883,0.533,0.272,0.354,1.912,Asia/ Oceania
United Arab Emirates,2018,20,6.774,6.389,2.096,0.776,0.67,0.284,0.281,0.186,2.096,Asia/ Oceania
Czech Republic,2018,21,6.711,6.711,1.233,1.489,0.854,0.543,0.034,0.064,2.494,Europe
Malta,2018,22,6.627,6.626,1.27,1.525,0.884,0.645,0.142,0.376,1.784,Europe
France,2018,23,6.489,6.489,1.293,1.466,0.908,0.52,0.176,0.098,2.028,Europe
Mexico,2018,24,6.488,6.489,1.038,1.252,0.761,0.479,0.095,0.069,2.795,Amercia
Chile,2018,25,6.476,6.476,1.131,1.331,0.808,0.431,0.061,0.197,2.517,Amercia
Taiwan,2018,26,6.441,6.441,1.365,1.436,0.857,0.418,0.078,0.151,2.136,Asia/ Oceania
Panama,2018,27,6.43,6.43,1.112,1.438,0.759,0.597,0.063,0.125,2.336,Amercia
Brazil,2018,28,6.419,6.418,0.986,1.474,0.675,0.493,0.088,0.11,2.592,Amercia
Argentina,2018,29,6.388,6.389,1.073,1.468,0.744,0.57,0.054,0.062,2.418,Amercia
Guatemala,2018,30,6.382,6.382,0.781,1.268,0.608,0.604,0.071,0.179,2.871,Amercia
Uruguay,2018,31,6.379,6.38,1.093,1.459,0.771,0.625,0.155,0.13,2.147,Amercia
Qatar,2018,32,6.374,6.374,1.649,1.303,0.748,0.654,0.171,0.256,1.593,Asia/ Oceania
Saudi Arabia,2018,33,6.371,6.37,1.379,1.331,0.633,0.509,0.127,0.098,2.293,Asia/ Oceania
Singapore,2018,34,6.343,6.342,1.529,1.451,1.008,0.631,0.457,0.261,1.005,Singapore
Malaysia,2018,35,6.322,6.321,1.161,1.258,0.669,0.356,0.059,0.311,2.507,Asia/ Oceania
Spain,2018,36,6.31,6.311,1.251,1.538,0.965,0.449,0.074,0.142,1.892,Europe
Colombia,2018,37,6.26,6.259,0.96,1.439,0.635,0.531,0.039,0.099,2.556,Amercia
Trinidad and Tobago,2018,38,6.192,6.192,1.223,1.492,0.564,0.575,0.019,0.171,2.148,Amercia
Slovakia,2018,39,6.173,6.174,1.21,1.537,0.776,0.354,0.014,0.118,2.165,Europe
El Salvador,2018,40,6.167,6.168,0.806,1.231,0.639,0.461,0.082,0.065,2.884,Amercia
Nicaragua,2018,41,6.141,6.14,0.668,1.319,0.7,0.527,0.128,0.208,2.59,Amercia
Poland,2018,42,6.123,6.125,1.176,1.448,0.781,0.546,0.064,0.108,2.002,Europe
Bahrain,2018,43,6.105,6.105,1.338,1.366,0.698,0.594,0.123,0.243,1.743,Asia/ Oceania
Uzbekistan,2018,44,6.096,6.096,0.719,1.584,0.605,0.724,0.259,0.328,1.877,Asia/ Oceania
Kuwait,2018,45,6.083,6.082,1.474,1.301,0.675,0.554,0.106,0.167,1.805,Asia/ Oceania
Thailand,2018,46,6.072,6.072,1.016,1.417,0.707,0.637,0.029,0.364,1.902,Asia/ Oceania
Italy,2018,47,6,6,1.264,1.501,0.946,0.281,0.028,0.137,1.843,Europe
Ecuador,2018,48,5.973,5.973,0.889,1.33,0.736,0.556,0.12,0.114,2.228,Amercia
Belize,2018,49,5.956,5.957,0.807,1.101,0.474,0.593,0.089,0.183,2.71,Amercia
Lithuania,2018,50,5.952,5.952,1.197,1.527,0.716,0.35,0.006,0.026,2.13,Europe
Slovenia,2018,51,5.948,5.947,1.219,1.506,0.856,0.633,0.051,0.16,1.522,Europe
Romania,2018,52,5.945,5.947,1.116,1.219,0.726,0.528,0.001,0.088,2.269,Europe
Latvia,2018,53,5.933,5.933,1.148,1.454,0.671,0.363,0.066,0.092,2.139,Europe
Japan,2018,54,5.915,5.916,1.294,1.462,0.988,0.553,0.15,0.079,1.39,Asia/ Oceania
Mauritius,2018,55,5.891,5.891,1.09,1.387,0.684,0.584,0.05,0.245,1.851,Africa
Jamaica,2018,56,5.89,5.889,0.819,1.493,0.693,0.575,0.031,0.096,2.182,Amercia
South Korea,2018,57,5.875,5.875,1.266,1.204,0.955,0.244,0.051,0.175,1.98,Asia/ Oceania
Northern Cyprus,2018,58,5.835,5.836,1.229,1.211,0.909,0.495,0.154,0.179,1.659,Asia/ Oceania
Russia,2018,59,5.81,5.809,1.151,1.479,0.599,0.399,0.025,0.065,2.091,Europe
Kazakhstan,2018,60,5.79,5.791,1.143,1.516,0.631,0.454,0.121,0.148,1.778,Asia/ Oceania
Cyprus,2018,61,5.762,5.763,1.229,1.191,0.909,0.423,0.035,0.202,1.774,Asia/ Oceania
Bolivia,2018,62,5.752,5.752,0.751,1.223,0.508,0.606,0.054,0.141,2.469,Amercia
Estonia,2018,63,5.739,5.739,1.2,1.532,0.737,0.553,0.174,0.086,1.457,Europe
Paraguay,2018,64,5.681,5.681,0.835,1.522,0.615,0.541,0.074,0.162,1.932,Amercia
Peru,2018,65,5.663,5.664,0.934,1.249,0.674,0.53,0.034,0.092,2.151,Amercia
Kosovo,2018,66,5.662,5.663,0.855,1.23,0.578,0.448,0.023,0.274,2.255,Europe
Moldova,2018,67,5.64,5.64,0.657,1.301,0.62,0.232,0,0.171,2.659,Europe
Turkmenistan,2018,68,5.636,5.637,1.016,1.533,0.517,0.417,0.037,0.199,1.918,Asia/ Oceania
Hungary,2018,69,5.62,5.62,1.171,1.401,0.732,0.259,0.022,0.061,1.974,Europe
Libya,2018,70,5.566,5.566,0.985,1.35,0.553,0.496,0.148,0.116,1.918,Africa
Philippines,2018,71,5.524,5.524,0.775,1.312,0.513,0.643,0.105,0.12,2.056,Asia/ Oceania
Honduras,2018,72,5.504,5.505,0.62,1.205,0.622,0.459,0.074,0.197,2.328,Amercia
Belarus,2018,73,5.483,5.483,1.039,1.498,0.7,0.307,0.154,0.101,1.684,Europe
Turkey,2018,74,5.483,5.482,1.148,1.38,0.686,0.324,0.109,0.106,1.729,Asia/ Oceania
Pakistan,2018,75,5.472,5.472,0.652,0.81,0.424,0.334,0.113,0.216,2.923,Asia/ Oceania
Hong Kong,2018,76,5.43,5.43,1.405,1.29,1.03,0.524,0.291,0.246,0.644,Asia/ Oceania
Portugal,2018,77,5.41,5.411,1.188,1.429,0.884,0.562,0.017,0.055,1.276,Europe
Serbia,2018,78,5.398,5.399,0.975,1.369,0.685,0.288,0.043,0.134,1.905,Europe
Greece,2018,79,5.358,5.358,1.154,1.202,0.879,0.131,0.044,0,1.948,Europe
Lebanon,2018,80,5.358,6.03,0.965,1.179,0.785,0.503,0.136,0.214,2.248,Asia/ Oceania
Montenegro,2018,81,5.347,5.346,1.017,1.279,0.729,0.259,0.081,0.111,1.87,Europe
Croatia,2018,82,5.321,5.321,1.115,1.161,0.737,0.38,0.039,0.12,1.769,Europe
Dominican Republic,2018,83,5.302,5.302,0.982,1.441,0.614,0.578,0.106,0.12,1.461,Amercia
Algeria,2018,84,5.295,5.296,0.979,1.154,0.687,0.077,0.135,0.055,2.209,Africa
Morocco,2018,85,5.254,5.253,0.779,0.797,0.669,0.46,0.074,0.026,2.448,Africa
China,2018,86,5.246,5.245,0.989,1.142,0.799,0.597,0.103,0.029,1.586,Asia/ Oceania
Azerbaijan,2018,87,5.201,5.201,1.024,1.161,0.603,0.43,0.176,0.031,1.776,Asia/ Oceania
Tajikistan,2018,88,5.199,4.522,0.474,1.166,0.598,0.292,0.034,0.187,1.771,Asia/ Oceania
Republic of North Macedonia,2018,89,5.185,5.183,0.959,1.239,0.691,0.394,0.052,0.173,1.675,Europe
Jordan,2018,90,5.161,5.161,0.822,1.265,0.645,0.468,0.134,0.13,1.697,Asia/ Oceania
Nigeria,2018,91,5.155,5.156,0.689,1.172,0.048,0.462,0.032,0.201,2.552,Africa
Kyrgyzstan,2018,92,5.131,5.132,0.53,1.416,0.594,0.54,0.035,0.281,1.736,Asia/ Oceania
Bosnia and Herzegovina,2018,93,5.129,5.13,0.915,1.078,0.758,0.28,0,0.216,1.883,Europe
Mongolia,2018,94,5.125,5.124,0.914,1.517,0.575,0.395,0.032,0.253,1.438,Asia/ Oceania
Vietnam,2018,95,5.103,5.103,0.715,1.365,0.702,0.618,0.079,0.177,1.447,Asia/ Oceania
Indonesia,2018,96,5.093,5.093,0.899,1.215,0.522,0.538,0.018,0.484,1.417,Asia/ Oceania
Bhutan,2018,97,5.082,5.082,0.796,1.335,0.527,0.541,0.171,0.364,1.348,Asia/ Oceania
Somalia,2018,98,4.982,4.982,0,0.712,0.115,0.674,0.282,0.238,2.961,Africa
Cameroon,2018,99,4.975,4.976,0.535,0.891,0.182,0.454,0.043,0.183,2.688,Africa
Bulgaria,2018,100,4.933,4.932,1.054,1.515,0.712,0.359,0.009,0.064,1.219,Europe
Nepal,2018,101,4.88,4.88,0.425,1.228,0.539,0.526,0.078,0.302,1.782,Asia/ Oceania
Venezuela,2018,102,4.806,4.805,0.996,1.469,0.657,0.133,0.052,0.056,1.442,Amercia
Gabon,2018,103,4.758,4.759,1.036,1.164,0.404,0.356,0.052,0.032,1.715,Africa
Palestinian National Authority,2018,104,4.743,4.742,0.642,1.217,0.602,0.266,0.076,0.086,1.853,Asia/ Oceania
South Africa,2018,105,4.724,4.723,0.94,1.41,0.33,0.516,0.056,0.103,1.368,Africa
Iran,2018,106,4.707,4.706,1.059,0.771,0.691,0.459,0.129,0.282,1.315,Asia/ Oceania
Ivory Coast,2018,107,4.671,4.672,0.541,0.872,0.08,0.467,0.103,0.146,2.463,Africa
Ghana,2018,108,4.657,4.658,0.592,0.896,0.337,0.499,0.029,0.212,2.093,Africa
Senegal,2018,109,4.631,4.631,0.429,1.117,0.433,0.406,0.082,0.138,2.026,Africa
Laos,2018,110,4.623,4.624,0.72,1.034,0.441,0.626,0.174,0.23,1.399,Asia/ Oceania
Tunisia,2018,111,4.592,4.592,0.9,0.906,0.69,0.271,0.063,0.04,1.722,Africa
Albania,2018,112,4.586,4.585,0.916,0.817,0.79,0.419,0.032,0.149,1.462,Europe
Sierra Leone,2018,113,4.571,4.57,0.256,0.813,0,0.355,0.053,0.238,2.855,Africa
Republic of the Congo,2018,114,4.559,4.559,0.682,0.811,0.343,0.514,0.077,0.091,2.041,Africa
Bangladesh,2018,115,4.5,4.502,0.532,0.85,0.579,0.58,0.144,0.153,1.664,Asia/ Oceania
Sri Lanka,2018,116,4.471,4.47,0.918,1.314,0.672,0.585,0.05,0.307,0.624,Asia/ Oceania
Iraq,2018,117,4.456,4.457,1.01,0.971,0.536,0.304,0.095,0.148,1.393,Asia/ Oceania
Mali,2018,118,4.447,4.447,0.37,1.233,0.152,0.367,0.056,0.139,2.13,Africa
Namibia,2018,119,4.441,4.441,0.874,1.281,0.365,0.519,0.064,0.051,1.287,Africa
Cambodia,2018,120,4.433,4.432,0.549,1.088,0.457,0.696,0.065,0.256,1.321,Asia/ Oceania
Burkina Faso,2018,121,4.424,4.425,0.314,1.097,0.254,0.312,0.128,0.175,2.145,Africa
Egypt,2018,122,4.419,4.418,0.885,1.025,0.553,0.312,0.107,0.092,1.444,Africa
Mozambique,2018,123,4.417,4.417,0.198,0.902,0.173,0.531,0.158,0.206,2.249,Africa
Kenya,2018,124,4.41,4.409,0.493,1.048,0.454,0.504,0.055,0.352,1.503,Africa
Zambia,2018,125,4.377,4.377,0.562,1.047,0.295,0.503,0.082,0.221,1.667,Africa
Mauritania,2018,126,4.356,4.355,0.557,1.245,0.292,0.129,0.093,0.134,1.905,Africa
Ethiopia,2018,127,4.35,4.351,0.308,0.95,0.391,0.452,0.146,0.22,1.884,Africa
Georgia,2018,128,4.34,4.34,0.853,0.592,0.643,0.375,0.215,0.038,1.624,Asia/ Oceania
Armenia,2018,129,4.321,4.32,0.816,0.99,0.666,0.26,0.028,0.077,1.483,Asia/ Oceania
Myanmar,2018,130,4.308,4.308,0.682,1.174,0.429,0.58,0.178,0.598,0.667,Asia/ Oceania
Chad,2018,131,4.301,4.301,0.358,0.907,0.053,0.189,0.06,0.181,2.553,Africa
Democratic Republic of the Congo,2018,132,4.245,4.244,0.069,1.136,0.204,0.312,0.052,0.197,2.274,Africa
India,2018,133,4.19,4.189,0.721,0.747,0.485,0.539,0.093,0.172,1.432,Asia/ Oceania
Niger,2018,134,4.166,4.166,0.131,0.867,0.221,0.39,0.099,0.175,2.283,Africa
Uganda,2018,135,4.161,4.161,0.322,1.09,0.237,0.45,0.061,0.259,1.742,Africa
Benin,2018,136,4.141,4.141,0.378,0.372,0.24,0.44,0.067,0.163,2.481,Africa
Sudan,2018,137,4.139,4.139,0.605,1.24,0.312,0.016,0.082,0.134,1.75,Africa
Ukraine,2018,138,4.103,4.103,0.793,1.413,0.609,0.163,0.011,0.187,0.927,Europe
Togo,2018,139,3.999,3.998,0.259,0.474,0.253,0.434,0.101,0.158,2.319,Africa
Guinea,2018,140,3.964,3.963,0.344,0.792,0.211,0.394,0.094,0.185,1.943,Africa
Lesotho,2018,141,3.808,3.809,0.472,1.215,0.079,0.423,0.112,0.116,1.392,Africa
Angola,2018,142,3.795,3.795,0.73,1.125,0.269,0,0.061,0.079,1.531,Africa
Madagascar,2018,143,3.774,3.775,0.262,0.908,0.402,0.221,0.049,0.155,1.778,Africa
Zimbabwe,2018,144,3.692,3.692,0.357,1.094,0.248,0.406,0.099,0.132,1.356,Africa
Afghanistan,2018,145,3.632,3.632,0.332,0.537,0.255,0.085,0.036,0.191,2.196,Asia/ Oceania
Botswana,2018,146,3.59,3.591,1.017,1.174,0.417,0.557,0.092,0.042,0.292,Africa
Malawi,2018,147,3.587,3.586,0.186,0.541,0.306,0.531,0.08,0.21,1.732,Africa
Haiti,2018,148,3.582,3.583,0.315,0.714,0.289,0.025,0.104,0.392,1.744,Amercia
Liberia,2018,149,3.495,3.496,0.076,0.858,0.267,0.419,0.03,0.206,1.64,Africa
Syria,2018,150,3.462,3.462,0.689,0.382,0.539,0.088,0.144,0.376,1.244,Asia/ Oceania
Rwanda,2018,151,3.408,3.408,0.332,0.896,0.4,0.636,0.444,0.2,0.5,Africa
Yemen,2018,152,3.355,3.355,0.442,1.073,0.343,0.244,0.064,0.083,1.106,Asia/ Oceania
Tanzania,2018,153,3.303,3.303,0.455,0.991,0.381,0.481,0.097,0.27,0.628,Africa
South Sudan,2018,154,3.254,3.255,0.337,0.608,0.177,0.112,0.106,0.224,1.691,Africa
Central African Republic,2018,155,3.083,3.082,0.024,0,0.01,0.305,0.038,0.218,2.487,Africa
Burundi,2018,156,2.905,2.905,0.091,0.627,0.145,0.065,0.076,0.149,1.752,Africa
Finland,2019,1,7.769,7.769,1.34,1.587,0.986,0.596,0.393,0.153,2.714,Europe
Denmark,2019,2,7.6,7.599,1.383,1.573,0.996,0.592,0.41,0.252,2.393,Europe
Norway,2019,3,7.554,7.554,1.488,1.582,1.028,0.603,0.341,0.271,2.241,Europe
Iceland,2019,4,7.494,7.494,1.38,1.624,1.026,0.591,0.118,0.354,2.401,Europe
Netherlands,2019,5,7.488,7.487,1.396,1.522,0.999,0.557,0.298,0.322,2.393,Europe
Switzerland,2019,6,7.48,7.48,1.452,1.526,1.052,0.572,0.343,0.263,2.272,Europe
Sweden,2019,7,7.343,7.343,1.387,1.487,1.009,0.574,0.373,0.267,2.246,Europe
New Zealand,2019,8,7.307,7.308,1.303,1.557,1.026,0.585,0.38,0.33,2.127,Asia/ Oceania
Canada,2019,9,7.278,7.279,1.365,1.505,1.039,0.584,0.308,0.285,2.193,Amercia
Austria,2019,10,7.246,7.247,1.376,1.475,1.016,0.532,0.226,0.244,2.378,Europe
Australia,2019,11,7.228,7.229,1.372,1.548,1.036,0.557,0.29,0.332,2.094,Asia/ Oceania
Costa Rica,2019,12,7.167,7.166,1.034,1.441,0.963,0.558,0.093,0.144,2.933,Amercia
Israel,2019,13,7.139,7.139,1.276,1.455,1.029,0.371,0.082,0.261,2.665,Asia/ Oceania
Luxembourg,2019,14,7.09,7.09,1.609,1.479,1.012,0.526,0.316,0.194,1.954,Europe
United Kingdom,2019,15,7.054,7.055,1.333,1.538,0.996,0.45,0.278,0.348,2.112,Europe
Ireland,2019,16,7.021,7.02,1.499,1.553,0.999,0.516,0.31,0.298,1.845,Europe
Germany,2019,17,6.985,6.985,1.373,1.454,0.987,0.495,0.265,0.261,2.15,Europe
Belgium,2019,18,6.923,6.924,1.356,1.504,0.986,0.473,0.21,0.16,2.235,Europe
United States,2019,19,6.892,6.892,1.433,1.457,0.874,0.454,0.128,0.28,2.266,Amercia
Czech Republic,2019,20,6.852,6.851,1.269,1.487,0.92,0.457,0.036,0.046,2.636,Europe
United Arab Emirates,2019,21,6.825,6.825,1.503,1.31,0.825,0.598,0.182,0.262,2.145,Asia/ Oceania
Malta,2019,22,6.726,6.725,1.3,1.52,0.999,0.564,0.151,0.375,1.816,Europe
Mexico,2019,23,6.595,6.595,1.07,1.323,0.861,0.433,0.073,0.074,2.761,Amercia
France,2019,24,6.592,6.592,1.324,1.472,1.045,0.436,0.183,0.111,2.021,Europe
Taiwan,2019,25,6.446,6.447,1.368,1.43,0.914,0.351,0.097,0.242,2.045,Asia/ Oceania
Chile,2019,26,6.444,6.445,1.159,1.369,0.92,0.357,0.056,0.187,2.397,Amercia
Guatemala,2019,27,6.436,6.436,0.8,1.269,0.746,0.535,0.078,0.175,2.833,Amercia
Saudi Arabia,2019,28,6.375,6.375,1.403,1.357,0.795,0.439,0.132,0.08,2.169,Asia/ Oceania
Qatar,2019,29,6.374,6.375,1.684,1.313,0.871,0.555,0.167,0.22,1.565,Asia/ Oceania
Spain,2019,30,6.354,6.355,1.286,1.484,1.062,0.362,0.079,0.153,1.929,Europe
Panama,2019,31,6.321,6.321,1.149,1.442,0.91,0.516,0.054,0.109,2.141,Amercia
Brazil,2019,32,6.3,6.3,1.004,1.439,0.802,0.39,0.086,0.099,2.48,Amercia
Uruguay,2019,33,6.293,6.294,1.124,1.465,0.891,0.523,0.15,0.127,2.014,Amercia
Singapore,2019,34,6.262,6.263,1.572,1.463,1.141,0.556,0.453,0.271,0.807,Singapore
El Salvador,2019,35,6.253,6.253,0.794,1.242,0.789,0.43,0.074,0.093,2.831,Amercia
Italy,2019,36,6.223,6.224,1.294,1.488,1.039,0.231,0.03,0.158,1.984,Europe
Bahrain,2019,37,6.199,6.2,1.362,1.368,0.871,0.536,0.11,0.255,1.698,Asia/ Oceania
Slovakia,2019,38,6.198,6.197,1.246,1.504,0.881,0.334,0.014,0.121,2.097,Europe
Trinidad and Tobago,2019,39,6.192,6.192,1.231,1.477,0.713,0.489,0.016,0.185,2.081,Amercia
Poland,2019,40,6.182,6.181,1.206,1.438,0.884,0.483,0.05,0.117,2.003,Europe
Uzbekistan,2019,41,6.174,6.174,0.745,1.529,0.756,0.631,0.24,0.322,1.951,Asia/ Oceania
Lithuania,2019,42,6.149,6.149,1.238,1.515,0.818,0.291,0.042,0.043,2.202,Europe
Colombia,2019,43,6.125,6.125,0.985,1.41,0.841,0.47,0.034,0.099,2.286,Amercia
Slovenia,2019,44,6.118,6.117,1.258,1.523,0.953,0.564,0.057,0.144,1.618,Europe
Nicaragua,2019,45,6.105,6.106,0.694,1.325,0.835,0.435,0.127,0.2,2.49,Amercia
Kosovo,2019,46,6.1,6.098,0.882,1.232,0.758,0.489,0.006,0.262,2.469,Europe
Argentina,2019,47,6.086,6.088,1.092,1.432,0.881,0.471,0.05,0.066,2.096,Amercia
Romania,2019,48,6.07,6.071,1.162,1.232,0.825,0.462,0.005,0.083,2.302,Europe
Cyprus,2019,49,6.046,6.045,1.263,1.223,1.042,0.406,0.041,0.19,1.88,Asia/ Oceania
Ecuador,2019,50,6.028,6.028,0.912,1.312,0.868,0.498,0.087,0.126,2.225,Amercia
Kuwait,2019,51,6.021,6.02,1.5,1.319,0.808,0.493,0.097,0.142,1.661,Asia/ Oceania
Thailand,2019,52,6.008,6.008,1.05,1.409,0.828,0.557,0.028,0.359,1.777,Asia/ Oceania
Latvia,2019,53,5.94,5.94,1.187,1.465,0.812,0.264,0.064,0.075,2.073,Europe
South Korea,2019,54,5.895,5.895,1.301,1.219,1.036,0.159,0.056,0.175,1.949,Asia/ Oceania
Estonia,2019,55,5.893,5.894,1.237,1.528,0.874,0.495,0.161,0.103,1.496,Europe
Jamaica,2019,56,5.89,5.89,0.831,1.478,0.831,0.49,0.028,0.107,2.125,Amercia
Mauritius,2019,57,5.888,5.888,1.12,1.402,0.798,0.498,0.06,0.215,1.795,Africa
Japan,2019,58,5.886,5.887,1.327,1.419,1.088,0.445,0.14,0.069,1.399,Asia/ Oceania
Honduras,2019,59,5.86,5.86,0.642,1.236,0.828,0.507,0.078,0.246,2.323,Amercia
Kazakhstan,2019,60,5.809,5.808,1.173,1.508,0.729,0.41,0.096,0.146,1.746,Asia/ Oceania
Bolivia,2019,61,5.779,5.779,0.776,1.209,0.706,0.511,0.064,0.137,2.376,Amercia
Hungary,2019,62,5.758,5.759,1.201,1.41,0.828,0.199,0.02,0.081,2.02,Europe
Paraguay,2019,63,5.743,5.742,0.855,1.475,0.777,0.514,0.08,0.184,1.857,Amercia
Northern Cyprus,2019,64,5.718,5.717,1.263,1.252,1.042,0.417,0.162,0.191,1.39,Asia/ Oceania
Peru,2019,65,5.697,5.697,0.96,1.274,0.854,0.455,0.027,0.083,2.044,Amercia
Portugal,2019,66,5.693,5.693,1.221,1.431,0.999,0.508,0.025,0.047,1.462,Europe
Pakistan,2019,67,5.653,5.653,0.677,0.886,0.535,0.313,0.098,0.22,2.924,Asia/ Oceania
Russia,2019,68,5.648,5.647,1.183,1.452,0.726,0.334,0.031,0.082,1.839,Europe
Philippines,2019,69,5.631,5.631,0.807,1.293,0.657,0.558,0.107,0.117,2.092,Asia/ Oceania
Serbia,2019,70,5.603,5.603,1.004,1.383,0.854,0.282,0.039,0.137,1.904,Europe
Moldova,2019,71,5.529,5.528,0.685,1.328,0.739,0.245,0,0.181,2.35,Europe
Libya,2019,72,5.525,5.525,1.044,1.303,0.673,0.416,0.152,0.133,1.804,Africa
Montenegro,2019,73,5.523,5.524,1.051,1.361,0.871,0.197,0.08,0.142,1.822,Europe
Tajikistan,2019,74,5.467,5.469,0.493,1.098,0.718,0.389,0.144,0.23,2.397,Asia/ Oceania
Croatia,2019,75,5.432,5.432,1.155,1.266,0.914,0.296,0.022,0.119,1.66,Europe
Hong Kong,2019,76,5.43,5.431,1.438,1.277,1.122,0.44,0.287,0.258,0.609,Asia/ Oceania
Dominican Republic,2019,77,5.425,5.425,1.015,1.401,0.779,0.497,0.101,0.113,1.519,Amercia
Bosnia and Herzegovina,2019,78,5.386,5.388,0.945,1.212,0.845,0.212,0.006,0.263,1.905,Europe
Turkey,2019,79,5.373,5.371,1.183,1.36,0.808,0.195,0.106,0.083,1.636,Asia/ Oceania
Malaysia,2019,80,5.339,5.338,1.221,1.171,0.828,0.508,0.024,0.26,1.326,Asia/ Oceania
Belarus,2019,81,5.323,5.323,1.067,1.465,0.789,0.235,0.142,0.094,1.531,Europe
Greece,2019,82,5.287,5.285,1.181,1.156,0.999,0.067,0.034,0,1.848,Europe
Mongolia,2019,83,5.285,5.286,0.948,1.531,0.667,0.317,0.038,0.235,1.55,Asia/ Oceania
Republic of North Macedonia,2019,84,5.274,5.274,0.983,1.294,0.838,0.345,0.034,0.185,1.595,Europe
Nigeria,2019,85,5.265,5.264,0.696,1.111,0.245,0.426,0.041,0.215,2.53,Africa
Kyrgyzstan,2019,86,5.261,5.262,0.551,1.438,0.723,0.508,0.023,0.3,1.719,Asia/ Oceania
Turkmenistan,2019,87,5.247,5.247,1.052,1.538,0.657,0.394,0.028,0.244,1.334,Asia/ Oceania
Algeria,2019,88,5.211,5.212,1.002,1.16,0.785,0.086,0.114,0.073,1.992,Africa
Morocco,2019,89,5.208,5.209,0.801,0.782,0.782,0.418,0.076,0.036,2.314,Africa
Azerbaijan,2019,90,5.208,5.207,1.043,1.147,0.769,0.351,0.182,0.035,1.68,Asia/ Oceania
Lebanon,2019,91,5.197,5.197,0.987,1.224,0.815,0.216,0.027,0.166,1.762,Asia/ Oceania
Indonesia,2019,92,5.192,5.193,0.931,1.203,0.66,0.491,0.028,0.498,1.382,Asia/ Oceania
China,2019,93,5.191,5.192,1.029,1.125,0.893,0.521,0.1,0.058,1.466,Asia/ Oceania
Vietnam,2019,94,5.175,5.175,0.741,1.346,0.851,0.543,0.073,0.147,1.474,Asia/ Oceania
Bhutan,2019,95,5.082,5.082,0.813,1.321,0.604,0.457,0.167,0.37,1.35,Asia/ Oceania
Cameroon,2019,96,5.044,5.044,0.549,0.91,0.331,0.381,0.037,0.187,2.649,Africa
Bulgaria,2019,97,5.011,5.011,1.092,1.513,0.815,0.311,0.004,0.081,1.195,Europe
Ghana,2019,98,4.996,4.998,0.611,0.868,0.486,0.381,0.04,0.245,2.367,Africa
Ivory Coast,2019,99,4.944,4.944,0.569,0.808,0.232,0.352,0.09,0.154,2.739,Africa
Nepal,2019,100,4.913,4.913,0.446,1.226,0.677,0.439,0.089,0.285,1.751,Asia/ Oceania
Jordan,2019,101,4.906,4.906,0.837,1.225,0.815,0.383,0.13,0.11,1.406,Asia/ Oceania
Benin,2019,102,4.883,4.882,0.393,0.437,0.397,0.349,0.082,0.175,3.049,Africa
Republic of the Congo,2019,103,4.812,4.812,0.673,0.799,0.508,0.372,0.093,0.105,2.262,Africa
Gabon,2019,104,4.799,4.8,1.057,1.183,0.571,0.295,0.055,0.043,1.596,Africa
Laos,2019,105,4.796,4.795,0.764,1.03,0.551,0.547,0.164,0.266,1.473,Asia/ Oceania
South Africa,2019,106,4.722,4.723,0.96,1.351,0.469,0.389,0.055,0.13,1.369,Africa
Albania,2019,107,4.719,4.718,0.947,0.848,0.874,0.383,0.027,0.178,1.461,Europe
Venezuela,2019,108,4.707,4.707,0.96,1.427,0.805,0.154,0.047,0.064,1.25,Amercia
Cambodia,2019,109,4.7,4.701,0.574,1.122,0.637,0.609,0.062,0.232,1.465,Asia/ Oceania
Palestinian National Authority,2019,110,4.696,4.697,0.657,1.247,0.672,0.225,0.066,0.103,1.727,Asia/ Oceania
Senegal,2019,111,4.681,4.681,0.45,1.134,0.571,0.292,0.072,0.153,2.009,Africa
Somalia,2019,112,4.668,4.667,0,0.698,0.268,0.559,0.27,0.243,2.629,Africa
Namibia,2019,113,4.639,4.639,0.879,1.313,0.477,0.401,0.056,0.07,1.443,Africa
Niger,2019,114,4.628,4.628,0.138,0.774,0.366,0.318,0.102,0.188,2.742,Africa
Burkina Faso,2019,115,4.587,4.587,0.331,1.056,0.38,0.255,0.113,0.177,2.275,Africa
Armenia,2019,116,4.559,4.56,0.85,1.055,0.815,0.283,0.064,0.095,1.398,Asia/ Oceania
Iran,2019,117,4.548,4.548,1.1,0.842,0.785,0.305,0.125,0.27,1.121,Asia/ Oceania
Guinea,2019,118,4.534,4.534,0.38,0.829,0.375,0.332,0.086,0.207,2.325,Africa
Georgia,2019,119,4.519,4.519,0.886,0.666,0.752,0.346,0.164,0.043,1.662,Asia/ Oceania
Gambia,2019,120,4.516,4.516,0.308,0.939,0.428,0.382,0.167,0.269,2.023,Africa
Kenya,2019,121,4.509,4.508,0.512,0.983,0.581,0.431,0.053,0.372,1.576,Africa
Mauritania,2019,122,4.49,4.491,0.57,1.167,0.489,0.066,0.088,0.106,2.005,Africa
Mozambique,2019,123,4.466,4.467,0.204,0.986,0.39,0.494,0.138,0.197,2.058,Africa
Tunisia,2019,124,4.461,4.461,0.921,1,0.815,0.167,0.055,0.059,1.444,Africa
Bangladesh,2019,125,4.456,4.455,0.562,0.928,0.723,0.527,0.143,0.166,1.406,Asia/ Oceania
Iraq,2019,126,4.437,4.437,1.043,0.98,0.574,0.241,0.089,0.148,1.362,Asia/ Oceania
Democratic Republic of the Congo,2019,127,4.418,4.418,0.094,1.125,0.357,0.269,0.053,0.212,2.308,Africa
Mali,2019,128,4.39,4.391,0.385,1.105,0.308,0.327,0.052,0.153,2.061,Africa
Sierra Leone,2019,129,4.374,4.373,0.268,0.841,0.242,0.309,0.045,0.252,2.416,Africa
Sri Lanka,2019,130,4.366,4.365,0.949,1.265,0.831,0.47,0.047,0.244,0.559,Asia/ Oceania
Myanmar,2019,131,4.36,4.361,0.71,1.181,0.555,0.525,0.172,0.566,0.652,Asia/ Oceania
Chad,2019,132,4.35,4.349,0.35,0.766,0.192,0.174,0.078,0.198,2.591,Africa
Ukraine,2019,133,4.332,4.332,0.82,1.39,0.739,0.178,0.01,0.187,1.008,Europe
Ethiopia,2019,134,4.286,4.285,0.336,1.033,0.532,0.344,0.1,0.209,1.731,Africa
Swaziland,2019,135,4.212,4.212,0.811,1.149,0,0.313,0.135,0.074,1.73,Africa
Uganda,2019,136,4.189,4.189,0.332,1.069,0.443,0.356,0.06,0.252,1.677,Africa
Egypt,2019,137,4.166,4.167,0.913,1.039,0.644,0.241,0.067,0.076,1.187,Africa
Zambia,2019,138,4.107,4.107,0.578,1.058,0.426,0.431,0.087,0.247,1.28,Africa
Togo,2019,139,4.085,4.085,0.275,0.572,0.41,0.293,0.085,0.177,2.273,Africa
India,2019,140,4.015,4.017,0.755,0.765,0.588,0.498,0.085,0.2,1.126,Asia/ Oceania
Liberia,2019,141,3.975,3.976,0.073,0.922,0.443,0.37,0.033,0.233,1.902,Africa
Comoros,2019,142,3.973,3.972,0.274,0.757,0.505,0.142,0.078,0.275,1.941,Africa
Madagascar,2019,143,3.933,3.934,0.274,0.916,0.555,0.148,0.041,0.169,1.831,Africa
Lesotho,2019,144,3.802,3.802,0.489,1.169,0.168,0.359,0.093,0.107,1.417,Africa
Burundi,2019,145,3.775,3.774,0.046,0.447,0.38,0.22,0.18,0.176,2.325,Africa
Zimbabwe,2019,146,3.663,3.663,0.366,1.114,0.433,0.361,0.089,0.151,1.149,Africa
Haiti,2019,147,3.597,3.596,0.323,0.688,0.449,0.026,0.11,0.419,1.581,Amercia
Botswana,2019,148,3.488,3.487,1.041,1.145,0.538,0.455,0.1,0.025,0.183,Africa
Syria,2019,149,3.462,3.463,0.619,0.378,0.44,0.013,0.141,0.331,1.541,Asia/ Oceania
Malawi,2019,150,3.41,3.409,0.191,0.56,0.495,0.443,0.089,0.218,1.413,Africa
Yemen,2019,151,3.38,3.38,0.287,1.163,0.463,0.143,0.077,0.108,1.139,Asia/ Oceania
Rwanda,2019,152,3.334,3.334,0.359,0.711,0.614,0.555,0.411,0.217,0.467,Africa
Tanzania,2019,153,3.231,3.231,0.476,0.885,0.499,0.417,0.147,0.276,0.531,Africa
Afghanistan,2019,154,3.203,3.204,0.35,0.517,0.361,0,0.025,0.158,1.793,Asia/ Oceania
Central African Republic,2019,155,3.083,3.082,0.026,0,0.105,0.225,0.035,0.235,2.456,Africa
South Sudan,2019,156,2.853,2.853,0.306,0.575,0.295,0.01,0.091,0.202,1.374,Africa
Finland,2020,1,7.809,7.809,1.285,1.5,0.961,0.662,0.478,0.16,2.763,Europe
Denmark,2020,2,7.646,7.646,1.327,1.503,0.979,0.665,0.495,0.243,2.433,Europe
Switzerland,2020,3,7.56,7.56,1.391,1.472,1.041,0.629,0.408,0.269,2.35,Europe
Iceland,2020,4,7.504,7.504,1.327,1.548,1.001,0.662,0.145,0.362,2.461,Europe
Norway,2020,5,7.488,7.488,1.424,1.495,1.008,0.67,0.434,0.288,2.168,Europe
Netherlands,2020,6,7.449,7.449,1.339,1.464,0.976,0.614,0.369,0.336,2.352,Europe
Sweden,2020,7,7.353,7.354,1.322,1.433,0.986,0.65,0.442,0.273,2.246,Europe
New Zealand,2020,8,7.3,7.3,1.242,1.487,1.008,0.647,0.461,0.326,2.128,Asia/ Oceania
Austria,2020,9,7.294,7.294,1.317,1.437,1.001,0.603,0.281,0.256,2.398,Europe
Luxembourg,2020,10,7.238,7.237,1.537,1.388,0.986,0.61,0.367,0.196,2.154,Europe
Canada,2020,11,7.232,7.232,1.302,1.435,1.023,0.644,0.352,0.282,2.195,Amercia
Australia,2020,12,7.223,7.223,1.31,1.477,1.023,0.622,0.336,0.325,2.13,Asia/ Oceania
United Kingdom,2020,13,7.165,7.165,1.273,1.458,0.976,0.525,0.323,0.373,2.237,Europe
Israel,2020,14,7.129,7.129,1.216,1.403,1.008,0.421,0.1,0.267,2.713,Asia/ Oceania
Costa Rica,2020,15,7.121,7.121,0.981,1.375,0.94,0.645,0.096,0.131,2.953,Amercia
Ireland,2020,16,7.094,7.094,1.447,1.471,0.976,0.588,0.373,0.295,1.944,Europe
Germany,2020,17,7.076,7.076,1.314,1.369,0.972,0.564,0.309,0.252,2.295,Europe
United States,2020,18,6.94,6.94,1.374,1.405,0.832,0.535,0.152,0.298,2.344,Amercia
Czech Republic,2020,19,6.911,6.911,1.212,1.405,0.895,0.506,0.05,0.046,2.797,Europe
Belgium,2020,20,6.864,6.864,1.296,1.399,0.965,0.5,0.209,0.147,2.349,Europe
United Arab Emirates,2020,21,6.791,6.791,1.431,1.251,0.788,0.653,0.22,0.281,2.167,Asia/ Oceania
Malta,2020,22,6.773,6.773,1.253,1.443,0.972,0.633,0.179,0.341,1.952,Europe
France,2020,23,6.664,6.664,1.268,1.459,1.03,0.514,0.227,0.113,2.053,Europe
Mexico,2020,24,6.465,6.465,1.024,1.226,0.832,0.554,0.083,0.083,2.663,Amercia
Taiwan,2020,25,6.455,6.455,1.327,1.358,0.878,0.449,0.132,0.151,2.16,Asia/ Oceania
Uruguay,2020,26,6.44,6.44,1.071,1.425,0.857,0.594,0.193,0.132,2.167,Amercia
Saudi Arabia,2020,27,6.406,6.406,1.334,1.31,0.76,0.548,0.163,0.087,2.203,Asia/ Oceania
Spain,2020,28,6.401,6.401,1.231,1.421,1.051,0.426,0.11,0.165,1.997,Europe
Guatemala,2020,29,6.399,6.399,0.754,1.174,0.706,0.613,0.098,0.171,2.883,Amercia
Italy,2020,30,6.387,6.387,1.236,1.347,1.023,0.321,0.04,0.17,2.25,Europe
Singapore,2020,31,6.377,6.377,1.52,1.395,1.138,0.635,0.533,0.219,0.937,Singapore
Brazil,2020,32,6.376,6.376,0.953,1.363,0.766,0.483,0.107,0.132,2.572,Amercia
Slovenia,2020,33,6.363,6.363,1.209,1.465,0.933,0.647,0.077,0.146,1.889,Europe
El Salvador,2020,34,6.348,6.348,0.749,1.149,0.753,0.524,0.117,0.119,2.937,Amercia
Kosovo,2020,35,6.325,6.325,0.84,1.184,0.673,0.557,0.009,0.325,2.737,Europe
Panama,2020,36,6.305,6.305,1.098,1.376,0.879,0.58,0.054,0.097,2.221,Amercia
Slovakia,2020,37,6.281,6.281,1.195,1.424,0.853,0.424,0.011,0.117,2.256,Europe
Uzbekistan,2020,38,6.258,6.258,0.697,1.434,0.717,0.693,0.28,0.363,2.073,Asia/ Oceania
Chile,2020,39,6.228,6.228,1.097,1.323,0.889,0.417,0.063,0.156,2.283,Amercia
Bahrain,2020,40,6.227,6.227,1.297,1.315,0.839,0.61,0.127,0.287,1.752,Asia/ Oceania
Lithuania,2020,41,6.215,6.215,1.194,1.433,0.795,0.42,0.081,0.054,2.238,Europe
Trinidad and Tobago,2020,42,6.192,6.192,1.168,1.407,0.659,0.553,0.015,0.199,2.191,Amercia
Poland,2020,43,6.186,6.186,1.169,1.31,0.868,0.558,0.161,0.063,2.057,Europe
Colombia,2020,44,6.163,6.163,0.932,1.334,0.81,0.527,0.046,0.092,2.422,Amercia
Cyprus,2020,45,6.159,6.159,1.213,1.149,1.026,0.459,0.051,0.228,2.032,Asia/ Oceania
Nicaragua,2020,46,6.137,6.137,0.62,1.271,0.803,0.56,0.174,0.213,2.496,Amercia
Romania,2020,47,6.124,6.124,1.12,1.194,0.792,0.535,0.001,0.068,2.413,Europe
Kuwait,2020,48,6.102,6.102,1.425,1.245,0.776,0.57,0.113,0.133,1.84,Asia/ Oceania
Mauritius,2020,49,6.101,6.101,1.074,1.396,0.763,0.591,0.084,0.187,2.007,Africa
Kazakhstan,2020,50,6.058,6.058,1.123,1.453,0.699,0.497,0.11,0.154,2.022,Asia/ Oceania
Estonia,2020,51,6.022,6.022,1.192,1.453,0.843,0.577,0.202,0.125,1.63,Europe
Philippines,2020,52,6.006,6.006,0.775,1.245,0.602,0.622,0.13,0.129,2.502,Asia/ Oceania
Hungary,2020,53,6,6,1.164,1.423,0.807,0.386,0.028,0.07,2.122,Europe
Thailand,2020,54,5.999,5.999,1.007,1.348,0.794,0.609,0.032,0.377,1.832,Asia/ Oceania
Argentina,2020,55,5.975,5.975,1.028,1.373,0.85,0.521,0.06,0.07,2.073,Amercia
Honduras,2020,56,5.953,5.953,0.599,1.187,0.792,0.568,0.087,0.257,2.464,Amercia
Latvia,2020,57,5.95,5.95,1.141,1.414,0.778,0.329,0.09,0.075,2.121,Europe
Ecuador,2020,58,5.925,5.925,0.853,1.221,0.839,0.555,0.087,0.115,2.255,Amercia
Portugal,2020,59,5.911,5.911,1.169,1.34,0.979,0.59,0.028,0.053,1.753,Europe
Jamaica,2020,60,5.89,5.89,0.779,1.408,0.788,0.553,0.03,0.116,2.214,Amercia
South Korea,2020,61,5.872,5.872,1.245,1.134,1.023,0.259,0.095,0.17,1.947,Asia/ Oceania
Japan,2020,62,5.871,5.871,1.267,1.332,1.073,0.495,0.181,0.036,1.486,Asia/ Oceania
Peru,2020,63,5.797,5.797,0.919,1.208,0.824,0.513,0.027,0.092,2.213,Amercia
Serbia,2020,64,5.778,5.778,0.988,1.327,0.828,0.395,0.059,0.15,2.029,Europe
Bolivia,2020,65,5.747,5.747,0.731,1.142,0.662,0.574,0.073,0.138,2.426,Amercia
Pakistan,2020,66,5.693,5.693,0.617,0.873,0.47,0.405,0.123,0.229,2.977,Asia/ Oceania
Paraguay,2020,67,5.692,5.692,0.898,1.368,0.736,0.587,0.065,0.204,1.834,Amercia
Dominican Republic,2020,68,5.689,5.689,0.983,1.329,0.742,0.563,0.116,0.112,1.844,Amercia
Bosnia and Herzegovina,2020,69,5.674,5.674,0.918,1.204,0.814,0.305,0.001,0.264,2.167,Europe
Moldova,2020,70,5.608,5.607,0.708,1.237,0.713,0.39,0.014,0.174,2.371,Europe
Tajikistan,2020,71,5.556,5.556,0.475,1.218,0.681,0.521,0.222,0.182,2.257,Asia/ Oceania
Montenegro,2020,72,5.546,5.546,1.01,1.266,0.839,0.303,0.098,0.149,1.881,Europe
Russia,2020,73,5.546,5.546,1.127,1.379,0.68,0.399,0.046,0.099,1.816,Europe
Kyrgyzstan,2020,74,5.542,5.542,0.513,1.341,0.681,0.615,0.03,0.301,2.06,Asia/ Oceania
Belarus,2020,75,5.54,5.54,1.019,1.387,0.753,0.291,0.194,0.09,1.807,Europe
North Cyprus,2020,76,5.536,5.536,1.213,1.183,1.026,0.478,0.2,0.199,1.237,Asia/ Oceania
Greece,2020,77,5.515,5.515,1.128,1.169,0.979,0.174,0.049,0,2.016,Europe
Hong Kong,2020,78,5.51,5.51,1.377,1.244,1.137,0.459,0.332,0.288,0.673,Asia/ Oceania
Croatia,2020,79,5.505,5.505,1.109,1.311,0.901,0.381,0.012,0.114,1.676,Europe
Libya,2020,80,5.489,5.489,1.022,1.196,0.616,0.451,0.172,0.143,1.889,Africa
Mongolia,2020,81,5.456,5.456,0.905,1.459,0.616,0.356,0.047,0.264,1.811,Asia/ Oceania
Malaysia,2020,82,5.384,5.384,1.168,1.174,0.789,0.597,0.062,0.275,1.319,Asia/ Oceania
Vietnam,2020,83,5.353,5.353,0.718,1.253,0.819,0.651,0.09,0.136,1.686,Asia/ Oceania
Indonesia,2020,84,5.286,5.286,0.892,1.155,0.61,0.568,0.038,0.543,1.48,Asia/ Oceania
Ivory Coast,2020,85,5.233,5.233,0.537,0.8,0.155,0.397,0.093,0.17,3.081,Africa
Benin,2020,86,5.216,5.216,0.366,0.352,0.328,0.406,0.126,0.197,3.441,Africa
Maldives,2020,87,5.198,5.198,0.938,1.402,0.914,0.548,0.072,0.224,1.099,Asia/ Oceania
Republic of the Congo,2020,88,5.194,5.194,0.634,0.758,0.458,0.387,0.119,0.117,2.723,Africa
Azerbaijan,2020,89,5.165,5.165,0.99,1.181,0.731,0.468,0.247,0.04,1.508,Asia/ Oceania
Republic of North Macedonia,2020,90,5.16,5.16,0.935,1.183,0.803,0.41,0.025,0.186,1.618,Europe
Ghana,2020,91,5.148,5.148,0.576,0.966,0.432,0.477,0.057,0.261,2.378,Africa
Nepal,2020,92,5.137,5.137,0.444,1.101,0.669,0.481,0.128,0.301,2.014,Asia/ Oceania
Turkey,2020,93,5.132,5.132,1.127,1.197,0.781,0.254,0.121,0.086,1.565,Asia/ Oceania
China,2020,94,5.124,5.124,0.991,1.132,0.867,0.602,0.117,0.079,1.336,Asia/ Oceania
Turkmenistan,2020,95,5.119,5.119,1.009,1.51,0.612,0.515,0.034,0.323,1.115,Asia/ Oceania
Bulgaria,2020,96,5.102,5.102,1.047,1.461,0.778,0.418,0,0.104,1.295,Europe
Morocco,2020,97,5.095,5.095,0.759,0.645,0.745,0.45,0.077,0.04,2.378,Africa
Cameroon,2020,98,5.085,5.085,0.504,0.9,0.27,0.439,0.054,0.198,2.719,Africa
Venezuela,2020,99,5.053,5.053,0.77,1.349,0.767,0.272,0.064,0.087,1.745,Amercia
Algeria,2020,100,5.005,5.005,0.944,1.143,0.745,0.084,0.129,0.119,1.841,Africa
Senegal,2020,101,4.981,4.981,0.504,0.955,0.518,0.352,0.082,0.164,2.405,Africa
Guinea,2020,102,4.949,4.949,0.39,0.751,0.334,0.372,0.112,0.249,2.741,Africa
Niger,2020,103,4.91,4.91,0.108,0.704,0.299,0.435,0.138,0.208,3.018,Africa
Laos,2020,104,4.889,4.889,0.715,0.987,0.486,0.612,0.194,0.273,1.621,Asia/ Oceania
Albania,2020,105,4.883,4.883,0.907,0.83,0.846,0.462,0.025,0.171,1.641,Europe
Cambodia,2020,106,4.848,4.848,0.545,1.071,0.588,0.675,0.073,0.233,1.663,Asia/ Oceania
Bangladesh,2020,107,4.833,4.833,0.556,0.869,0.695,0.604,0.177,0.177,1.755,Asia/ Oceania
Gabon,2020,108,4.829,4.829,0.988,1.106,0.523,0.369,0.056,0.052,1.735,Africa
South Africa,2020,109,4.814,4.814,0.902,1.259,0.407,0.435,0.06,0.126,1.625,Africa
Iraq,2020,110,4.785,4.785,0.982,1.011,0.529,0.284,0.073,0.153,1.752,Asia/ Oceania
Lebanon,2020,111,4.772,4.771,0.889,1.192,0.789,0.186,0.022,0.159,1.536,Asia/ Oceania
Burkina Faso,2020,112,4.769,4.769,0.302,0.929,0.313,0.322,0.126,0.186,2.589,Africa
Gambia,2020,113,4.751,4.751,0.257,0.883,0.353,0.403,0.158,0.426,2.27,Africa
Mali,2020,114,4.729,4.729,0.352,0.973,0.235,0.378,0.062,0.17,2.559,Africa
Nigeria,2020,115,4.724,4.724,0.646,0.987,0.168,0.435,0.048,0.221,2.22,Africa
Armenia,2020,116,4.677,4.677,0.808,1.035,0.776,0.378,0.105,0.107,1.468,Asia/ Oceania
Georgia,2020,117,4.673,4.673,0.847,0.731,0.695,0.485,0.174,0.048,1.692,Asia/ Oceania
Iran,2020,118,4.672,4.672,1.029,0.886,0.749,0.301,0.143,0.277,1.287,Asia/ Oceania
Jordan,2020,119,4.633,4.633,0.785,1.14,0.778,0.425,0.152,0.091,1.262,Asia/ Oceania
Mozambique,2020,120,4.624,4.624,0.179,0.955,0.324,0.561,0.163,0.22,2.221,Africa
Kenya,2020,121,4.583,4.583,0.476,0.905,0.536,0.519,0.067,0.394,1.685,Africa
Namibia,2020,122,4.571,4.571,0.84,1.246,0.407,0.445,0.054,0.076,1.503,Africa
Ukraine,2020,123,4.561,4.561,0.78,1.321,0.699,0.319,0.01,0.179,1.253,Europe
Liberia,2020,124,4.558,4.558,0.174,0.921,0.392,0.406,0.051,0.227,2.387,Africa
Palestinian National Authority,2020,125,4.553,4.553,0.588,1.195,0.614,0.299,0.072,0.092,1.694,Asia/ Oceania
Uganda,2020,126,4.432,4.432,0.312,1.052,0.378,0.402,0.064,0.265,1.959,Africa
Chad,2020,127,4.423,4.423,0.302,0.739,0.109,0.229,0.086,0.211,2.747,Africa
Tunisia,2020,128,4.392,4.392,0.875,0.872,0.781,0.236,0.044,0.056,1.528,Africa
Mauritania,2020,129,4.375,4.375,0.54,1.113,0.425,0.186,0.122,0.129,1.86,Africa
Sri Lanka,2020,130,4.327,4.327,0.898,1.195,0.792,0.529,0.049,0.253,0.611,Asia/ Oceania
Democratic Republic of the Congo,2020,131,4.311,4.311,0.062,0.833,0.277,0.365,0.081,0.254,2.438,Africa
Swaziland,2020,132,4.308,4.308,0.828,1.065,0.216,0.3,0.147,0.067,1.686,Africa
Myanmar,2020,133,4.308,4.308,0.678,1.098,0.495,0.597,0.188,0.57,0.681,Asia/ Oceania
Comoros,2020,134,4.289,4.289,0.416,0.723,0.437,0.181,0.1,0.259,2.173,Africa
Togo,2020,135,4.187,4.187,0.268,0.548,0.343,0.304,0.115,0.201,2.41,Africa
Ethiopia,2020,136,4.186,4.186,0.315,1.001,0.484,0.413,0.117,0.228,1.628,Africa
Madagascar,2020,137,4.166,4.166,0.245,0.824,0.501,0.193,0.076,0.191,2.136,Africa
Egypt,2020,138,4.151,4.151,0.875,0.983,0.597,0.374,0.095,0.069,1.159,Africa
Sierra Leone,2020,139,3.926,3.926,0.241,0.748,0.204,0.382,0.048,0.258,2.046,Africa
Burundi,2020,140,3.775,3.775,0,0.404,0.295,0.275,0.212,0.187,2.402,Africa
Zambia,2020,141,3.759,3.759,0.537,0.896,0.364,0.491,0.087,0.251,1.134,Africa
Haiti,2020,142,3.721,3.721,0.285,0.647,0.374,0.169,0.162,0.464,1.62,Amercia
Lesotho,2020,143,3.653,3.653,0.455,1.089,0.101,0.409,0.05,0.103,1.446,Africa
India,2020,144,3.573,3.573,0.731,0.644,0.541,0.581,0.106,0.237,0.734,Asia/ Oceania
Malawi,2020,145,3.538,3.538,0.177,0.53,0.446,0.487,0.132,0.213,1.553,Africa
Yemen,2020,146,3.527,3.527,0.393,1.177,0.415,0.244,0.087,0.095,1.116,Asia/ Oceania
Botswana,2020,147,3.479,3.479,0.998,1.086,0.494,0.509,0.102,0.033,0.257,Africa
Tanzania,2020,148,3.476,3.476,0.457,0.873,0.443,0.509,0.204,0.272,0.719,Africa
Central African Republic,2020,149,3.476,3.476,0.041,0,0,0.293,0.028,0.254,2.86,Africa
Rwanda,2020,150,3.312,3.312,0.343,0.523,0.572,0.604,0.486,0.236,0.548,Africa
Zimbabwe,2020,151,3.299,3.299,0.426,1.048,0.375,0.377,0.081,0.151,0.841,Africa
South Sudan,2020,152,2.817,2.817,0.289,0.553,0.209,0.066,0.111,0.21,1.379,Africa
Afghanistan,2020,153,2.567,2.567,0.301,0.356,0.266,0,0.001,0.135,1.507,Asia/ Oceania
Finland,2021,1,7.842,7.842,1.446,1.106,0.741,0.691,0.481,0.124,3.253,Europe
Denmark,2021,2,7.62,7.62,1.502,1.108,0.763,0.686,0.485,0.208,2.868,Europe
Switzerland,2021,3,7.571,7.571,1.566,1.079,0.816,0.653,0.413,0.204,2.839,Europe
Iceland,2021,4,7.554,7.554,1.482,1.172,0.772,0.698,0.17,0.293,2.967,Europe
Netherlands,2021,5,7.464,7.464,1.501,1.079,0.753,0.647,0.384,0.302,2.798,Europe
Norway,2021,6,7.392,7.392,1.543,1.108,0.782,0.703,0.427,0.249,2.58,Europe
Sweden,2021,7,7.363,7.363,1.478,1.062,0.763,0.685,0.448,0.244,2.683,Europe
Luxembourg,2021,8,7.324,7.324,1.751,1.003,0.76,0.639,0.353,0.166,2.653,Europe
New Zealand,2021,9,7.277,7.277,1.4,1.094,0.785,0.665,0.445,0.276,2.612,Asia/ Oceania
Austria,2021,10,7.268,7.268,1.492,1.062,0.782,0.64,0.292,0.215,2.784,Europe
Australia,2021,11,7.183,7.183,1.453,1.076,0.801,0.647,0.317,0.291,2.598,Asia/ Oceania
Israel,2021,12,7.157,7.157,1.376,1.074,0.788,0.509,0.119,0.208,3.083,Asia/ Oceania
Germany,2021,13,7.155,7.155,1.48,0.993,0.757,0.6,0.306,0.195,2.824,Europe
Canada,2021,14,7.103,7.103,1.447,1.044,0.798,0.648,0.335,0.246,2.585,Amercia
Ireland,2021,15,7.085,7.085,1.644,1.092,0.753,0.606,0.367,0.238,2.384,Europe
Costa Rica,2021,16,7.069,7.069,1.134,0.966,0.722,0.673,0.083,0.105,3.387,Amercia
United Kingdom,2021,17,7.064,7.064,1.423,1.062,0.757,0.58,0.306,0.34,2.596,Europe
Czech Republic,2021,18,6.965,6.965,1.37,1.09,0.703,0.58,0.046,0.052,3.124,Europe
United States,2021,19,6.951,6.951,1.533,1.03,0.621,0.554,0.154,0.252,2.807,Amercia
Belgium,2021,20,6.834,6.834,1.463,0.998,0.747,0.489,0.187,0.088,2.862,Europe
France,2021,21,6.69,6.69,1.421,1.081,0.804,0.536,0.235,0.092,2.521,Europe
Bahrain,2021,22,6.647,6.647,1.409,0.899,0.662,0.661,0.139,0.246,2.631,Asia/ Oceania
Malta,2021,23,6.602,6.602,1.411,1.055,0.747,0.664,0.183,0.275,2.268,Europe
Taiwan Province of China,2021,24,6.584,6.584,1.48,0.982,0.665,0.49,0.139,0.142,2.687,Asia/ Oceania
United Arab Emirates,2021,25,6.561,6.561,1.555,0.86,0.594,0.67,0.223,0.236,2.422,Asia/ Oceania
Saudi Arabia,2021,26,6.494,6.494,1.435,0.964,0.571,0.603,0.163,0.09,2.668,Asia/ Oceania
Spain,2021,27,6.491,6.491,1.375,1.057,0.826,0.462,0.124,0.135,2.513,Europe
Italy,2021,28,6.483,6.483,1.393,0.94,0.798,0.379,0.047,0.133,2.794,Europe
Slovenia,2021,29,6.461,6.461,1.36,1.093,0.722,0.69,0.085,0.122,2.388,Europe
Guatemala,2021,30,6.435,6.435,0.845,0.79,0.519,0.638,0.105,0.163,3.375,Amercia
Uruguay,2021,31,6.431,6.431,1.164,1.042,0.649,0.625,0.223,0.128,2.6,Amercia
Singapore,2021,32,6.377,6.377,1.695,1.019,0.897,0.664,0.547,0.176,1.379,Singapore
Kosovo,2021,33,6.372,6.372,0.937,0.807,0.483,0.593,0.014,0.356,3.182,Europe
Slovakia,2021,34,6.331,6.331,1.304,1.066,0.653,0.468,0.018,0.107,2.714,Europe
Brazil,2021,35,6.33,6.33,1.028,0.944,0.571,0.514,0.117,0.142,3.015,Amercia
Mexico,2021,36,6.317,6.317,1.126,0.83,0.634,0.585,0.089,0.092,2.961,Amercia
Jamaica,2021,37,6.309,6.309,0.891,0.932,0.599,0.618,0.035,0.099,3.135,Amercia
Lithuania,2021,38,6.255,6.255,1.35,1.065,0.612,0.476,0.073,0.056,2.624,Europe
Cyprus,2021,39,6.223,6.223,1.377,0.765,0.801,0.464,0.061,0.178,2.578,Asia/ Oceania
Estonia,2021,40,6.189,6.189,1.344,1.079,0.64,0.641,0.263,0.119,2.103,Europe
Panama,2021,41,6.18,6.18,1.298,0.976,0.667,0.596,0.053,0.079,2.509,Amercia
Uzbekistan,2021,42,6.179,6.179,0.769,1.027,0.528,0.716,0.271,0.391,2.477,Asia/ Oceania
Chile,2021,43,6.172,6.172,1.2,0.946,0.678,0.438,0.07,0.159,2.682,Amercia
Poland,2021,44,6.166,6.166,1.309,0.982,0.668,0.558,0.13,0.08,2.438,Europe
Kazakhstan,2021,45,6.152,6.152,1.23,1.103,0.527,0.573,0.132,0.143,2.446,Asia/ Oceania
Romania,2021,46,6.14,6.14,1.275,0.832,0.595,0.564,0.001,0.045,2.83,Europe
Kuwait,2021,47,6.106,6.106,1.461,0.857,0.58,0.591,0.13,0.12,2.368,Asia/ Oceania
Serbia,2021,48,6.078,6.078,1.101,0.924,0.634,0.482,0.066,0.189,2.682,Europe
El Salvador,2021,49,6.061,6.061,0.845,0.675,0.565,0.615,0.16,0.116,3.085,Amercia
Mauritius,2021,50,6.049,6.049,1.178,0.996,0.574,0.59,0.096,0.153,2.462,Africa
Latvia,2021,51,6.032,6.032,1.285,1.047,0.587,0.405,0.089,0.082,2.536,Europe
Colombia,2021,52,6.012,6.012,1.021,0.866,0.615,0.554,0.063,0.1,2.794,Amercia
Hungary,2021,53,5.992,5.992,1.301,1.083,0.615,0.454,0.04,0.067,2.432,Europe
Thailand,2021,54,5.985,5.985,1.107,0.957,0.596,0.611,0.028,0.375,2.309,Asia/ Oceania
Nicaragua,2021,55,5.972,5.972,0.693,0.904,0.604,0.553,0.176,0.201,2.841,Amercia
Japan,2021,56,5.94,5.94,1.389,0.949,0.838,0.504,0.192,0.02,2.048,Asia/ Oceania
Argentina,2021,57,5.929,5.929,1.162,0.98,0.646,0.544,0.067,0.069,2.461,Amercia
Portugal,2021,58,5.929,5.929,1.323,0.939,0.76,0.621,0.033,0.029,2.225,Europe
Honduras,2021,59,5.919,5.919,0.703,0.787,0.593,0.578,0.083,0.241,2.934,Amercia
Croatia,2021,60,5.882,5.882,1.251,1.039,0.703,0.453,0,0.111,2.325,Europe
Philippines,2021,61,5.88,5.88,0.853,0.828,0.426,0.651,0.126,0.125,2.872,Asia/ Oceania
South Korea,2021,62,5.845,5.845,1.403,0.758,0.801,0.353,0.135,0.134,2.262,Asia/ Oceania
Peru,2021,63,5.84,5.84,0.986,0.833,0.623,0.536,0.031,0.087,2.744,Amercia
Bosnia and Herzegovina,2021,64,5.813,5.813,1.032,0.919,0.618,0.395,0.005,0.261,2.583,Europe
Moldova,2021,65,5.766,5.766,0.985,0.888,0.542,0.536,0.013,0.137,2.665,Europe
Ecuador,2021,66,5.764,5.764,0.935,0.806,0.64,0.56,0.062,0.107,2.653,Amercia
Kyrgyzstan,2021,67,5.744,5.744,0.665,0.971,0.501,0.673,0.02,0.266,2.648,Asia/ Oceania
Greece,2021,68,5.723,5.723,1.273,0.811,0.76,0.243,0.074,0,2.561,Europe
Bolivia,2021,69,5.716,5.716,0.842,0.782,0.486,0.6,0.064,0.138,2.805,Amercia
Mongolia,2021,70,5.677,5.677,0.966,1.065,0.442,0.397,0.053,0.263,2.492,Asia/ Oceania
Paraguay,2021,71,5.653,5.653,0.983,0.97,0.549,0.602,0.037,0.206,2.306,Amercia
Montenegro,2021,72,5.581,5.581,1.155,0.891,0.637,0.397,0.081,0.166,2.254,Europe
Dominican Republic,2021,73,5.545,5.545,1.106,0.879,0.555,0.581,0.144,0.101,2.178,Amercia
North Cyprus,2021,74,5.536,5.536,1.377,0.806,0.801,0.503,0.2,0.196,1.653,Asia/ Oceania
Belarus,2021,75,5.534,5.534,1.124,1.007,0.56,0.326,0.199,0.07,2.247,Europe
Russia,2021,76,5.477,5.477,1.241,0.992,0.511,0.409,0.06,0.115,2.148,Europe
Hong Kong S.A.R. of China,2021,77,5.477,5.477,1.525,0.841,0.893,0.408,0.342,0.232,1.236,Asia/ Oceania
Tajikistan,2021,78,5.466,5.466,0.508,0.895,0.498,0.548,0.247,0.152,2.619,Asia/ Oceania
Vietnam,2021,79,5.411,5.411,0.817,0.873,0.616,0.679,0.091,0.124,2.211,Asia/ Oceania
Libya,2021,80,5.41,5.41,1.044,0.821,0.435,0.474,0.174,0.131,2.331,Africa
Malaysia,2021,81,5.384,5.384,1.259,0.797,0.587,0.624,0.064,0.27,1.784,Asia/ Oceania
Indonesia,2021,82,5.345,5.345,0.954,0.786,0.433,0.598,0.046,0.541,1.987,Asia/ Oceania
Congo (Brazzaville),2021,83,5.342,5.342,0.518,0.392,0.307,0.381,0.124,0.144,3.476,Africa
China,2021,84,5.339,5.339,1.061,0.785,0.665,0.636,0.117,0.093,1.982,Asia/ Oceania
Ivory Coast,2021,85,5.306,5.306,0.669,0.409,0.052,0.438,0.092,0.177,3.469,Africa
Armenia,2021,86,5.283,5.283,0.996,0.758,0.585,0.54,0.198,0.079,2.127,Asia/ Oceania
Nepal,2021,87,5.269,5.269,0.519,0.702,0.496,0.488,0.135,0.287,2.642,Asia/ Oceania
Bulgaria,2021,88,5.266,5.266,1.181,1.055,0.583,0.494,0.005,0.125,1.823,Europe
Maldives,2021,89,5.198,5.198,1.115,1.015,0.697,0.575,0.073,0.204,1.52,Asia/ Oceania
Azerbaijan,2021,90,5.171,5.171,1.025,0.841,0.541,0.526,0.276,0.043,1.919,Asia/ Oceania
Cameroon,2021,91,5.142,5.142,0.543,0.556,0.159,0.425,0.058,0.205,3.195,Africa
Senegal,2021,92,5.132,5.132,0.518,0.558,0.357,0.381,0.088,0.158,3.071,Africa
Albania,2021,93,5.117,5.117,1.008,0.529,0.646,0.491,0.024,0.168,2.25,Europe
North Macedonia,2021,94,5.101,5.101,1.068,0.772,0.535,0.45,0.022,0.212,2.042,Europe
Ghana,2021,95,5.088,5.088,0.68,0.595,0.287,0.517,0.058,0.268,2.684,Africa
Niger,2021,96,5.074,5.074,0.162,0.402,0.167,0.516,0.157,0.2,3.47,Africa
Turkmenistan,2021,97,5.066,5.066,1.046,1.172,0.439,0.602,0.033,0.366,1.409,Asia/ Oceania
Gambia,2021,98,5.051,5.051,0.367,0.511,0.21,0.384,0.123,0.465,2.99,Africa
Benin,2021,99,5.045,5.045,0.507,0.058,0.196,0.457,0.178,0.166,3.482,Africa
Laos,2021,100,5.03,5.03,0.808,0.598,0.33,0.643,0.179,0.268,2.204,Asia/ Oceania
Bangladesh,2021,101,5.025,5.025,0.635,0.52,0.514,0.603,0.164,0.161,2.427,Asia/ Oceania
Guinea,2021,102,4.984,4.984,0.42,0.399,0.206,0.384,0.111,0.25,3.216,Africa
South Africa,2021,103,4.956,4.956,0.967,0.895,0.265,0.447,0.051,0.144,2.187,Africa
Turkey,2021,104,4.948,4.948,1.26,0.809,0.59,0.236,0.104,0.097,1.852,Asia/ Oceania
Pakistan,2021,105,4.934,4.934,0.637,0.423,0.322,0.418,0.097,0.252,2.784,Asia/ Oceania
Morocco,2021,106,4.918,4.918,0.792,0.219,0.558,0.477,0.088,0.034,2.749,Africa
Venezuela,2021,107,4.892,4.892,0.852,0.897,0.574,0.284,0.072,0.078,2.135,Amercia
Georgia,2021,108,4.891,4.891,1.03,0.47,0.498,0.488,0.181,0.032,2.191,Asia/ Oceania
Algeria,2021,109,4.887,4.887,0.946,0.765,0.552,0.119,0.12,0.144,2.242,Africa
Ukraine,2021,110,4.875,4.875,0.979,0.958,0.517,0.417,0.01,0.181,1.813,Europe
Iraq,2021,111,4.854,4.854,0.91,0.638,0.381,0.302,0.041,0.153,2.429,Asia/ Oceania
Gabon,2021,112,4.852,4.852,1.037,0.707,0.362,0.424,0.064,0.058,2.201,Africa
Burkina Faso,2021,113,4.834,4.834,0.364,0.472,0.179,0.381,0.122,0.182,3.133,Africa
Cambodia,2021,114,4.83,4.83,0.603,0.68,0.426,0.702,0.061,0.21,2.148,Asia/ Oceania
Mozambique,2021,115,4.794,4.794,0.183,0.634,0.196,0.608,0.163,0.228,2.783,Africa
Nigeria,2021,116,4.759,4.759,0.663,0.625,0.051,0.433,0.039,0.212,2.736,Africa
Mali,2021,117,4.723,4.723,0.387,0.59,0.11,0.384,0.072,0.164,3.016,Africa
Iran,2021,118,4.721,4.721,1.03,0.557,0.561,0.275,0.144,0.33,1.823,Asia/ Oceania
Uganda,2021,119,4.636,4.636,0.364,0.718,0.24,0.398,0.054,0.267,2.596,Africa
Liberia,2021,120,4.625,4.625,0.228,0.58,0.253,0.43,0.057,0.221,2.857,Africa
Kenya,2021,121,4.607,4.607,0.603,0.508,0.385,0.483,0.073,0.375,2.18,Africa
Tunisia,2021,122,4.596,4.596,0.919,0.515,0.59,0.334,0.044,0.057,2.138,Africa
Lebanon,2021,123,4.584,4.584,1.045,0.868,0.595,0.175,0.026,0.14,1.736,Asia/ Oceania
Namibia,2021,124,4.574,4.574,0.882,0.801,0.262,0.411,0.059,0.091,2.068,Africa
Palestinian Territories,2021,125,4.517,4.517,0.646,0.819,0.434,0.33,0.075,0.082,2.131,Asia/ Oceania
Myanmar,2021,126,4.426,4.426,0.666,0.713,0.341,0.601,0.178,0.52,1.407,Asia/ Oceania
Jordan,2021,127,4.395,4.395,0.89,0.685,0.583,0.455,0.15,0.079,1.553,Asia/ Oceania
Chad,2021,128,4.355,4.355,0.255,0.353,0,0.24,0.084,0.215,3.209,Africa
Sri Lanka,2021,129,4.325,4.325,0.99,0.82,0.593,0.559,0.049,0.239,1.075,Asia/ Oceania
Swaziland,2021,130,4.308,4.308,0.849,0.693,0.074,0.323,0.147,0.067,2.155,Africa
Comoros,2021,131,4.289,4.289,0.488,0.367,0.279,0.202,0.101,0.241,2.61,Africa
Egypt,2021,132,4.283,4.283,0.954,0.647,0.426,0.446,0.092,0.069,1.648,Africa
Ethiopia,2021,133,4.275,4.275,0.37,0.679,0.331,0.451,0.114,0.241,2.089,Africa
Mauritania,2021,134,4.227,4.227,0.666,0.749,0.273,0.218,0.133,0.119,2.069,Africa
Madagascar,2021,135,4.208,4.208,0.266,0.503,0.341,0.207,0.087,0.185,2.62,Africa
Togo,2021,136,4.107,4.107,0.254,0.239,0.203,0.289,0.107,0.209,2.806,Africa
Zambia,2021,137,4.073,4.073,0.528,0.552,0.231,0.487,0.074,0.227,1.975,Africa
Sierra Leone,2021,138,3.849,3.849,0.279,0.377,0.1,0.408,0.047,0.243,2.396,Africa
India,2021,139,3.819,3.819,0.741,0.316,0.383,0.622,0.106,0.246,1.405,Asia/ Oceania
Burundi,2021,140,3.775,3.775,0,0.062,0.155,0.298,0.212,0.172,2.876,Africa
Yemen,2021,141,3.658,3.658,0.329,0.831,0.272,0.268,0.089,0.092,1.776,Asia/ Oceania
Tanzania,2021,142,3.623,3.623,0.433,0.54,0.3,0.549,0.231,0.307,1.263,Africa
Haiti,2021,143,3.615,3.615,0.294,0.173,0.227,0.257,0.139,0.463,2.06,Amercia
Malawi,2021,144,3.6,3.6,0.113,0.168,0.298,0.484,0.134,0.213,2.19,Africa
Lesotho,2021,145,3.512,3.512,0.451,0.731,0.007,0.405,0.015,0.103,1.8,Africa
Botswana,2021,146,3.467,3.467,1.099,0.724,0.34,0.539,0.088,0.027,0.648,Africa
Rwanda,2021,147,3.415,3.415,0.364,0.202,0.407,0.627,0.493,0.227,1.095,Africa
Zimbabwe,2021,148,3.145,3.145,0.457,0.649,0.243,0.359,0.075,0.157,1.205,Africa
Afghanistan,2021,149,2.523,2.523,0.37,0,0.126,0,0.01,0.122,1.895,Asia/ Oceania
Finland,2022,1,7.821,7.821,1.892,1.258,0.775,0.736,0.534,0.109,2.518,Europe
Denmark,2022,2,7.636,7.636,1.953,1.243,0.777,0.719,0.532,0.188,2.226,Europe
Iceland,2022,3,7.557,7.557,1.936,1.32,0.803,0.718,0.191,0.27,2.32,Europe
Switzerland,2022,4,7.512,7.512,2.026,1.226,0.822,0.677,0.461,0.147,2.153,Europe
Netherlands,2022,5,7.415,7.415,1.945,1.206,0.787,0.651,0.419,0.271,2.137,Europe
Luxembourg,2022,6,7.404,7.404,2.209,1.155,0.79,0.7,0.388,0.12,2.042,Europe
Sweden,2022,7,7.384,7.384,1.92,1.204,0.803,0.724,0.512,0.218,2.003,Europe
Norway,2022,8,7.365,7.365,1.997,1.239,0.786,0.728,0.474,0.217,1.925,Europe
Israel,2022,9,7.364,7.364,1.826,1.221,0.818,0.568,0.143,0.155,2.634,Asia/ Oceania
New Zealand,2022,10,7.2,7.2,1.852,1.235,0.752,0.68,0.483,0.245,1.954,Asia/ Oceania
Austria,2022,11,7.163,7.163,1.931,1.165,0.774,0.623,0.329,0.193,2.148,Europe
Australia,2022,12,7.162,7.162,1.9,1.203,0.772,0.676,0.341,0.258,2.011,Asia/ Oceania
Ireland,2022,13,7.041,7.041,2.129,1.166,0.779,0.627,0.408,0.19,1.743,Europe
Germany,2022,14,7.034,7.034,1.924,1.088,0.776,0.585,0.358,0.163,2.142,Europe
Canada,2022,15,7.025,7.025,1.886,1.188,0.783,0.659,0.368,0.217,1.924,Amercia
United States,2022,16,6.977,6.977,1.982,1.182,0.628,0.574,0.177,0.22,2.214,Amercia
United Kingdom,2022,17,6.943,6.943,1.867,1.143,0.75,0.597,0.329,0.289,1.967,Europe
Czechia,2022,18,6.92,6.92,1.815,1.26,0.715,0.66,0.048,0.158,2.263,Europe
Belgium,2022,19,6.805,6.805,1.907,1.106,0.764,0.492,0.204,0.049,2.283,Europe
France,2022,20,6.687,6.687,1.863,1.219,0.808,0.567,0.266,0.07,1.895,Europe
Bahrain,2022,21,6.647,6.647,1.854,1.029,0.625,0.693,0.155,0.199,2.092,Asia/ Oceania
Slovenia,2022,22,6.63,6.63,1.81,1.249,0.769,0.685,0.115,0.118,1.885,Europe
Costa Rica,2022,23,6.582,6.582,1.584,1.054,0.744,0.661,0.102,0.089,2.346,Amercia
United Arab Emirates,2022,24,6.576,6.576,1.998,0.98,0.633,0.702,0.25,0.204,1.809,Asia/ Oceania
Saudi Arabia,2022,25,6.523,6.523,1.87,1.092,0.577,0.651,0.18,0.078,2.075,Asia/ Oceania
Taiwan Province of China,2022,26,6.512,6.512,1.897,1.095,0.733,0.542,0.168,0.075,2.002,Asia/ Oceania
Singapore,2022,27,6.48,6.48,2.149,1.127,0.851,0.672,0.587,0.163,0.932,Singapore
Romania,2022,28,6.477,6.477,1.719,1.006,0.655,0.605,0.006,0.039,2.446,Europe
Spain,2022,29,6.476,6.476,1.808,1.211,0.808,0.505,0.149,0.101,1.893,Europe
Uruguay,2022,30,6.474,6.474,1.615,1.18,0.672,0.665,0.265,0.103,1.974,Amercia
Italy,2022,31,6.467,6.467,1.834,1.052,0.801,0.412,0.059,0.085,2.222,Europe
Kosovo,2022,32,6.455,6.455,1.362,0.949,0.569,0.599,0.035,0.309,2.631,Europe
Malta,2022,33,6.447,6.447,1.838,1.169,0.789,0.679,0.166,0.174,1.631,Europe
Lithuania,2022,34,6.446,6.446,1.804,1.204,0.659,0.496,0.077,0.053,2.153,Europe
Slovakia,2022,35,6.391,6.391,1.736,1.232,0.707,0.479,0.025,0.118,2.094,Europe
Estonia,2022,36,6.341,6.341,1.793,1.232,0.728,0.689,0.333,0.123,1.442,Europe
Panama,2022,37,6.309,6.309,1.715,1.107,0.709,0.592,0.051,0.049,2.086,Amercia
Brazil,2022,38,6.293,6.293,1.462,1.044,0.615,0.546,0.134,0.131,2.361,Amercia
Guatemala,2022,39,6.262,6.262,1.274,0.831,0.522,0.662,0.115,0.112,2.746,Amercia
Kazakhstan,2022,40,6.234,6.234,1.668,1.22,0.611,0.584,0.157,0.134,1.86,Asia/ Oceania
Cyprus,2022,41,6.221,6.221,1.815,0.909,0.819,0.448,0.062,0.123,2.044,Asia/ Oceania
Latvia,2022,42,6.18,6.18,1.732,1.221,0.637,0.502,0.09,0.075,1.923,Europe
Serbia,2022,43,6.178,6.178,1.55,1.086,0.658,0.546,0.088,0.219,2.031,Europe
Chile,2022,44,6.172,6.172,1.651,1.08,0.748,0.46,0.069,0.124,2.04,Amercia
Nicaragua,2022,45,6.165,6.165,1.105,1.029,0.617,0.617,0.212,0.168,2.418,Amercia
Mexico,2022,46,6.128,6.128,1.552,0.886,0.623,0.621,0.115,0.092,2.239,Amercia
Croatia,2022,47,6.125,6.125,1.705,1.183,0.709,0.535,0,0.109,1.884,Europe
Poland,2022,48,6.123,6.123,1.758,1.174,0.712,0.523,0.14,0.124,1.693,Europe
El Salvador,2022,49,6.12,6.12,1.265,0.768,0.607,0.666,0.212,0.089,2.514,Amercia
Kuwait,2022,50,6.106,6.106,1.904,0.983,0.747,0.617,0.147,0.087,1.621,Asia/ Oceania
Hungary,2022,51,6.086,6.086,1.748,1.233,0.668,0.485,0.064,0.078,1.812,Europe
Mauritius,2022,52,6.071,6.071,1.591,1.116,0.568,0.589,0.107,0.131,1.969,Africa
Uzbekistan,2022,53,6.063,6.063,1.219,1.092,0.6,0.716,0.24,0.283,1.913,Asia/ Oceania
Japan,2022,54,6.039,6.039,1.835,1.089,0.866,0.537,0.218,0.007,1.487,Asia/ Oceania
Honduras,2022,55,6.022,6.022,1.111,0.885,0.555,0.582,0.076,0.202,2.611,Amercia
Portugal,2022,56,6.016,6.016,1.76,1.078,0.777,0.655,0.039,0.016,1.691,Europe
Argentina,2022,57,5.967,5.967,1.592,1.102,0.662,0.555,0.085,0.081,1.891,Amercia
Greece,2022,58,5.948,5.948,1.703,0.98,0.774,0.249,0.108,0.015,2.119,Europe
South Korea,2022,59,5.935,5.935,1.851,0.886,0.841,0.414,0.176,0.111,1.656,Asia/ Oceania
Philippines,2022,60,5.904,5.904,1.268,0.912,0.514,0.678,0.142,0.107,2.283,Asia/ Oceania
Thailand,2022,61,5.891,5.891,1.535,1.096,0.697,0.617,0.026,0.321,1.6,Asia/ Oceania
Moldova,2022,62,5.857,5.857,1.417,1.008,0.597,0.561,0.028,0.102,2.142,Europe
Jamaica,2022,63,5.85,5.85,1.296,1.045,0.646,0.567,0.053,0.08,2.164,Amercia
Kyrgyzstan,2022,64,5.828,5.828,1.069,1.109,0.638,0.693,0.025,0.208,2.087,Asia/ Oceania
Belarus,2022,65,5.821,5.821,1.562,1.157,0.629,0.342,0.282,0.04,1.811,Europe
Colombia,2022,66,5.781,5.781,1.452,0.929,0.72,0.545,0.077,0.087,1.971,Amercia
Bosnia and Herzegovina,2022,67,5.768,5.768,1.468,1.068,0.665,0.448,0.006,0.244,1.869,Europe
Mongolia,2022,68,5.761,5.761,1.393,1.197,0.467,0.398,0.059,0.247,1.999,Asia/ Oceania
Dominican Republic,2022,69,5.737,5.737,1.538,1.003,0.577,0.606,0.179,0.084,1.751,Amercia
Malaysia,2022,70,5.711,5.711,1.689,0.938,0.62,0.654,0.126,0.213,1.471,Asia/ Oceania
Bolivia,2022,71,5.6,5.6,1.256,0.88,0.555,0.627,0.064,0.112,2.107,Amercia
China,2022,72,5.585,5.585,1.508,0.958,0.705,0.656,0.142,0.099,1.516,Asia/ Oceania
Paraguay,2022,73,5.578,5.578,1.409,1.13,0.624,0.629,0.059,0.171,1.555,Amercia
Peru,2022,74,5.559,5.559,1.397,0.865,0.735,0.545,0.037,0.09,1.89,Amercia
Montenegro,2022,75,5.547,5.547,1.573,1.023,0.659,0.46,0.077,0.135,1.619,Europe
Ecuador,2022,76,5.533,5.533,1.352,0.879,0.708,0.565,0.083,0.08,1.866,Amercia
Vietnam,2022,77,5.485,5.485,1.252,0.932,0.611,0.707,0.105,0.143,1.735,Asia/ Oceania
Turkmenistan,2022,78,5.474,5.474,1.484,1.319,0.516,0.649,0.032,0.314,1.16,Asia/ Oceania
North Cyprus,2022,79,5.467,5.467,1.815,0.888,0.819,0.523,0.213,0.13,1.078,Asia/ Oceania
Russia,2022,80,5.459,5.459,1.685,1.095,0.586,0.401,0.08,0.117,1.494,Europe
Hong Kong,2022,81,5.425,5.425,1.957,0.954,0.942,0.4,0.383,0.147,0.642,Asia/ Oceania
Armenia,2022,82,5.399,5.399,1.434,0.82,0.668,0.558,0.21,0.054,1.654,Asia/ Oceania
Tajikistan,2022,83,5.377,5.377,0.966,1.005,0.518,0.572,0.304,0.118,1.895,Asia/ Oceania
Nepal,2022,84,5.377,5.377,0.984,0.784,0.499,0.519,0.13,0.237,2.224,Asia/ Oceania
Bulgaria,2022,85,5.371,5.371,1.625,1.163,0.64,0.563,0.021,0.123,1.235,Europe
Libya,2022,86,5.33,5.33,1.476,0.943,0.606,0.477,0.179,0.106,1.544,Africa
Indonesia,2022,87,5.24,5.24,1.382,0.883,0.539,0.62,0.047,0.468,1.3,Asia/ Oceania
Ivory Coast,2022,88,5.235,5.235,1.094,0.442,0.322,0.451,0.124,0.149,2.652,Africa
North Macedonia,2022,89,5.199,5.199,1.505,0.863,0.637,0.488,0.031,0.215,1.461,Europe
Albania,2022,90,5.199,5.199,1.439,0.646,0.719,0.511,0.028,0.138,1.718,Europe
South Africa,2022,91,5.194,5.194,1.425,1.088,0.361,0.442,0.046,0.089,1.742,Africa
Azerbaijan,2022,92,5.173,5.173,1.458,1.093,0.56,0.601,0.341,0.023,1.098,Asia/ Oceania
Gambia,2022,93,5.164,5.164,0.785,0.621,0.369,0.367,0.103,0.388,2.531,Africa
Bangladesh,2022,94,5.155,5.155,1.06,0.614,0.581,0.622,0.187,0.125,1.967,Asia/ Oceania
Laos,2022,95,5.14,5.14,1.239,0.654,0.479,0.679,0.184,0.197,1.709,Asia/ Oceania
Algeria,2022,96,5.122,5.122,1.363,0.97,0.643,0.146,0.15,0.106,1.744,Africa
Liberia,2022,97,5.122,5.122,0.636,0.67,0.309,0.405,0.08,0.178,2.844,Africa
Ukraine,2022,98,5.084,5.084,1.411,1.081,0.583,0.473,0.017,0.188,1.331,Europe
Congo,2022,99,5.075,5.075,0.95,0.405,0.355,0.431,0.146,0.13,2.658,Africa
Morocco,2022,100,5.06,5.06,1.208,0.268,0.565,0.492,0.102,0.02,2.405,Africa
Mozambique,2022,101,5.048,5.048,0.578,0.66,0.191,0.593,0.2,0.185,2.641,Africa
Cameroon,2022,102,5.048,5.048,0.968,0.672,0.317,0.397,0.074,0.152,2.469,Africa
Senegal,2022,103,5.046,5.046,0.933,0.53,0.447,0.494,0.081,0.143,2.419,Africa
Niger,2022,104,5.003,5.003,0.57,0.56,0.326,0.571,0.145,0.165,2.667,Africa
Georgia,2022,105,4.973,4.973,1.467,0.612,0.595,0.508,0.208,0,1.583,Asia/ Oceania
Gabon,2022,106,4.958,4.958,1.459,0.738,0.396,0.343,0.099,0.032,1.892,Africa
Iraq,2022,107,4.941,4.941,1.289,0.682,0.554,0.328,0.046,0.147,1.894,Asia/ Oceania
Venezuela,2022,108,4.925,4.925,0,0.968,0.578,0.283,0.082,0.225,2.79,Amercia
Guinea,2022,109,4.891,4.891,0.848,0.566,0.275,0.334,0.116,0.214,2.538,Africa
Iran,2022,110,4.888,4.888,1.41,0.741,0.642,0.281,0.146,0.241,1.427,Asia/ Oceania
Ghana,2022,111,4.872,4.872,1.112,0.595,0.409,0.5,0.056,0.23,1.972,Africa
Turkey,2022,112,4.744,4.744,1.707,0.865,0.702,0.209,0.115,0.087,1.059,Asia/ Oceania
Burkina Faso,2022,113,4.67,4.67,0.779,0.565,0.32,0.382,0.126,0.186,2.313,Africa
Cambodia,2022,114,4.64,4.64,1.019,0.732,0.505,0.74,0.068,0.166,1.41,Asia/ Oceania
Benin,2022,115,4.623,4.623,0.932,0.064,0.335,0.479,0.23,0.127,2.458,Africa
Comoros,2022,116,4.609,4.609,0.899,0.476,0.424,0.185,0.125,0.195,2.304,Africa
Uganda,2022,117,4.603,4.603,0.777,0.875,0.418,0.402,0.066,0.222,1.842,Africa
Nigeria,2022,118,4.552,4.552,1.079,0.732,0.3,0.444,0.038,0.175,1.784,Africa
Kenya,2022,119,4.543,4.543,1.032,0.605,0.401,0.44,0.082,0.322,1.661,Africa
Tunisia,2022,120,4.516,4.516,1.35,0.596,0.656,0.316,0.029,0.029,1.54,Africa
Pakistan,2022,121,4.516,4.516,1.049,0.413,0.374,0.448,0.112,0.181,1.94,Asia/ Oceania
Palestinian Territories,2022,122,4.483,4.483,1.148,0.957,0.521,0.336,0.079,0.073,1.368,Asia/ Oceania
Mali,2022,123,4.479,4.479,0.792,0.483,0.311,0.35,0.042,0.128,2.373,Africa
Namibia,2022,124,4.459,4.459,1.292,0.877,0.354,0.384,0.071,0.067,1.414,Africa
"Eswatini, Kingdom of",2022,125,4.396,4.396,1.274,0.786,0.197,0.259,0.154,0.038,1.688,Africa
Myanmar,2022,126,4.394,4.394,1.038,0.829,0.491,0.513,0.194,0.452,0.877,Asia/ Oceania
Sri Lanka,2022,127,4.362,4.362,1.415,0.934,0.66,0.529,0.079,0.15,0.595,Asia/ Oceania
Madagascar,2022,128,4.339,4.339,0.67,0.645,0.378,0.202,0.154,0.143,2.148,Africa
Egypt,2022,129,4.288,4.288,1.388,0.732,0.548,0.469,0.254,0.041,0.856,Africa
Chad,2022,130,4.251,4.251,0.662,0.506,0.225,0.18,0.077,0.182,2.419,Africa
Ethiopia,2022,131,4.241,4.241,0.788,0.809,0.457,0.472,0.136,0.205,1.375,Africa
Yemen,2022,132,4.197,4.197,0.691,1.043,0.384,0.33,0.098,0.09,1.561,Asia/ Oceania
Mauritania,2022,133,4.153,4.153,1.1,0.865,0.45,0.304,0.138,0.088,1.207,Africa
Jordan,2022,134,4.152,4.152,1.324,0.724,0.675,0.476,0.2,0.058,0.695,Asia/ Oceania
Togo,2022,135,4.112,4.112,0.771,0.322,0.36,0.292,0.132,0.174,2.061,Africa
India,2022,136,3.777,3.777,1.167,0.376,0.471,0.647,0.123,0.198,0.795,Asia/ Oceania
Zambia,2022,137,3.76,3.76,0.93,0.577,0.306,0.525,0.083,0.203,1.135,Africa
Malawi,2022,138,3.75,3.75,0.648,0.279,0.388,0.477,0.157,0.14,1.661,Africa
Tanzania,2022,139,3.702,3.702,0.848,0.597,0.425,0.578,0.27,0.248,0.735,Africa
Sierra Leone,2022,140,3.574,3.574,0.686,0.416,0.273,0.387,0.055,0.202,1.556,Africa
Lesotho,2022,141,3.512,3.512,0.839,0.848,0,0.419,0.018,0.076,1.312,Africa
Botswana,2022,142,3.471,3.471,1.503,0.815,0.28,0.571,0.102,0.012,0.187,Africa
Rwanda,2022,143,3.268,3.268,0.785,0.133,0.462,0.621,0.544,0.187,0.536,Africa
Zimbabwe,2022,144,2.995,2.995,0.947,0.69,0.27,0.329,0.105,0.106,0.548,Africa
Lebanon,2022,145,2.955,2.955,1.392,0.498,0.631,0.103,0.034,0.082,0.216,Asia/ Oceania
Afghanistan,2022,146,2.404,2.404,0.758,0,0.289,0,0.005,0.089,1.263,Asia/ Oceania